2004,1,1,5.16,4.87,166.99,5.5,19.5,19.5,39,3.16,-19.87,0.64,29.1,0
2004,1,10,4.31,0.63,198,29.1,19.2,22.3,41.5,102.23,-14.81,2.81,38.13,0
2004,1,11,12.35,17.63,95.21,-21.9,12.5,18.5,31,0,0,0,12.81,0.02
2004,1,12,11.87,12.34,100.99,-10.7,14.9,16.3,31.2,0,0,0,15.71,0
2004,1,13,12.61,4.85,37,-7.3,4.1,24.1,28.2,0.78,-14.5,0.1,22.57,0
2004,1,14,16.97,13.18,43.01,-39.7,-5.3,21.7,16.4,0,0,0,16.31,0
2004,1,15,10.93,15.85,115.62,-17.1,12.1,20.1,32.2,0,0,0,17.57,0
2004,1,16,18.01,14.5,66.01,-3.1,-7.1,20.9,13.8,0,0,0,17.82,0
2004,1,17,15.71,10.75,43.01,-2.1,0.9,20.9,21.8,0,0,0,20.24,0
2004,1,18,4.17,2.26,291.43,5.1,19.5,21.3,40.8,1.4,-43.34,0.02,25.23,1
2004,1,2,6.76,3.25,152.59,11.8,17.6,19.5,37.1,15.53,-35.07,1.77,28.47,0
2004,1,20,9.15,8.64,164.38,-3.4,16.8,18.9,35.7,0,0,0,16.32,0
2004,1,21,21,16.04,53.98,-35.5,-12.7,18.3,5.6,0,0,0,10.8,0
2004,1,22,11.39,11.81,163.8,-2.7,13.7,15.9,29.6,0,0,0,20.59,0
2004,1,23,17.54,20.96,83,-22.5,0.5,18.5,19,0,0,0,11.66,0
2004,1,24,19.08,19.98,86.99,-29.7,-10.7,20.3,9.6,0,0,0,7.39,0
2004,1,25,14.37,11.78,49.98,-2.9,5.3,20.3,25.6,0,0,0,14.44,0
2004,1,26,2.33,1.05,446.93,12.5,20.9,21.7,42.6,61.34,-31.42,0.74,30.58,0
2004,1,27,-0.45,-2.75,314.7,37.6,22.2,24.7,46.9,991.41,-32.06,28.39,43.19,0.12
2004,1,29,16.44,11.33,53.01,-19.9,-3.3,21.7,18.4,0,0,0,13.22,0
2004,1,3,5.32,1.57,150.8,13.7,16.3,23.3,39.6,0,0,0,28.5,0
2004,1,30,2.62,2.9,215.41,29.8,22.1,22.7,44.8,0.27,-44.44,0,36.42,0.11
2004,1,31,1.02,3.72,227.2,33.4,21.6,24.1,45.7,0,0,0,44.31,0.77
2004,1,4,3.96,0.92,172.61,7.6,19.4,21.3,40.7,6.53,-13.64,0.24,29.85,0
2004,1,5,12.34,3.87,38.99,-9.3,3.3,24.3,27.6,0,0,0,21.55,0
2004,1,6,6.85,2.12,115.21,2.5,15.9,20.9,36.8,7.67,-26.27,0.7,28.44,0.02
2004,1,7,5.11,8,131.79,25.6,18.1,22.5,40.6,0,0,0,26.56,0
2004,1,8,18.75,9.52,38.01,-18.1,-11.1,20.9,9.8,0,0,0,20.19,0
2004,1,9,8.62,8.69,148.41,12.4,16,18.7,34.7,0,0,0,22.06,0
2004,10,1,7.85,-3.03,88,17.7,10.7,24.7,35.4,1093.79,-5.55,1181.05,36.07,0.1
2004,10,10,6.38,1.44,146.39,9.3,15.1,21.1,36.2,7.32,-29.28,1.19,36.27,0.01
2004,10,11,4.13,1.41,191.58,-0.2,17.8,20.5,38.3,21.76,-22.43,0.71,42.94,0
2004,10,12,-1.09,-2.77,221.18,36.9,22.2,23.9,46.1,381.02,-25.7,16.5,53.77,0.14
2004,10,13,5.59,-0.13,134.79,14.9,14.5,23.5,38,34.05,-208.72,16.7,28.07,0
2004,10,14,11.48,-0.09,54,10.9,3.9,24.9,28.8,97.65,-5.8,4.34,32.91,0
2004,10,15,0.69,-1.99,248.2,33.3,20.4,23.1,43.5,517.23,-8.12,10.73,57.04,0.13
2004,10,16,0.84,14.15,220.01,17.7,20.5,23.7,44.2,0,0,0,27.89,0
2004,10,17,17.55,5.28,24.01,-26.9,-19.9,25.1,5.2,0,0,0,17.52,0
2004,10,18,1.93,0.58,175.14,15.6,19.4,22.7,42.1,337.18,-158.36,72.89,36.59,0
2004,10,19,-0.52,-4.65,198.01,30.5,21.5,24.5,46,2615.66,-2.49,617.7,49.06,0.04
2004,10,2,1.3,-1.32,211.41,25.9,20.5,21.7,42.2,602.82,-4.61,202.23,39.82,0
2004,10,20,4.71,-4.75,121,25.3,15.3,25.3,40.6,1920.14,-13.59,112.72,44.52,0.23
2004,10,21,1.16,-1.27,182.01,25.5,19.9,24.5,44.4,721.93,-83.09,284.43,40.57,0.86
2004,10,22,9.39,-1.74,71.59,16.1,9.3,24.3,33.6,476.06,-32.65,52.9,32.43,0.83
2004,10,23,6.2,4.75,168.2,27.7,16.2,19.1,35.3,14.8,-70.5,38.39,35.95,0.09
2004,10,24,7.23,4.27,165.6,10,15.2,18.7,33.9,7.28,-13.34,0.53,32.98,0
2004,10,25,9.56,8.34,161.2,-14.4,12.6,17.5,30.1,0,0,0,27.41,0
2004,10,26,10.02,5.59,125.2,1.9,12.3,19.3,31.6,0,0,0,25.98,0
2004,10,27,9.08,5.35,130.81,-16.6,14,17.5,31.5,13.16,-22.79,4.42,25.38,0
2004,10,28,10.38,6.98,147.22,-1.4,13.2,16.5,29.7,1.72,-26.73,20.14,23.95,0
2004,10,29,7.3,5.89,178.4,17.5,15.7,18.3,34,0,0,0,33.24,0
2004,10,3,0.2,-2.35,198.01,28.8,21.8,22.3,44.1,760.24,-5.9,413.87,46.11,0.11
2004,10,30,11.01,6.49,140.42,3.5,11.3,17.3,28.6,0.47,-21.73,0.16,32,0
2004,10,31,7.62,3.62,163.38,13,14.4,18.3,32.7,11.07,-29.52,0.91,33.23,0.05
2004,10,4,4.68,-2.47,135.21,21.5,15.9,23.9,39.8,877.43,-26.46,3199.72,39.5,0.38
2004,10,5,4.17,-1.54,147.4,19.1,16.9,22.9,39.8,689.44,-28.69,518.99,38.93,0
2004,10,6,2.49,-2.18,175.41,17.9,18.7,23.7,42.4,646.16,-21.66,258.54,39.03,0.02
2004,10,7,2.42,-1.33,178.42,30.5,19.1,23.5,42.6,265.37,-32.22,136.3,47.24,0.35
2004,10,8,5.9,0.35,177.6,23.7,15.9,20.9,36.8,119.11,-9.69,32.19,38.51,0.83
2004,10,9,6.33,3.05,160.18,-6.9,15.9,19.5,35.4,6.25,-17.56,17.18,27.08,0.01
2004,11,1,4.78,2.55,202.82,9.3,17.1,18.9,36,76.73,-25.08,12.19,35.89,0.01
2004,11,10,4.05,2.93,160,8.9,19.9,21.9,41.8,0,0,0,29.86,0.03
2004,11,11,6.65,2.01,124.21,-9.3,17.3,21.1,38.4,31.51,-15.2,4.01,22.36,0
2004,11,14,2.69,-0.51,166.02,8.2,20,23.7,43.7,343.59,-39.17,172.25,32.11,0.12
2004,11,16,8.64,7.53,142.59,-2.8,16.6,17.9,34.5,0.19,-35.33,0.05,23.2,0
2004,11,17,12.29,7.61,72.19,-11.9,11.5,18.5,30,0,0,0,17.8,0
2004,11,18,11.2,7.82,79.41,-22.1,11.7,19.7,31.4,11.48,-70.95,1.6,20.51,0
2004,11,19,10.18,5.85,81.87,-10.5,12.9,19.9,32.8,9.46,-66.51,0.99,23.59,0
2004,11,2,7.85,1.91,144.01,1.3,14.3,19.3,33.6,4.72,-30.99,1.85,25.2,0
2004,11,20,7.53,6.35,135.59,11,17.2,17.7,34.9,0.74,-21.14,0.34,25.97,0
2004,11,21,6.41,2.56,117.8,14,16.4,21.1,37.5,0.02,-43.34,0,26.42,0
2004,11,22,8.12,5,142.79,4.2,15.2,18.3,33.5,2.61,-26.28,0.3,27.53,0
2004,11,23,6.57,3.15,157.79,1.9,16.7,19.5,36.2,19.01,-40.15,1.06,27.05,0.01
2004,11,24,7.51,2.61,140.82,-6.7,14.9,19.9,34.8,14.21,-14.25,0.53,30.4,0
2004,11,25,0.66,-2.14,277.3,29.3,20.1,25.1,45.2,376.98,-79.89,10.86,43.13,0.01
2004,11,27,4.56,4.4,214.21,20.3,18.7,18.7,37.4,0.28,-48.71,0.01,31.33,0
2004,11,28,-0.89,-1.83,240.62,-3.1,21.7,26.1,47.8,318.86,-182.99,30.47,31.38,0
2004,11,3,9.57,0.6,99.4,-2.1,10.7,20.7,31.4,370.06,-27.21,122.92,27.11,0
2004,11,30,15.67,7.23,37,-36.7,-11.1,25.9,14.8,0.11,-6.16,0.04,18.72,0
2004,11,5,12.48,1.77,39.01,-10.9,3.1,24.1,27.2,0,0,0,23.08,0
2004,11,7,0.07,0.63,169.62,22.7,23.1,24.9,48,0,0,0,30.17,0
2004,11,8,0.33,3.12,164.42,-5.7,22.9,25.1,48,0,0,0,21.87,0
2004,11,9,3.72,2.6,149.22,-7.9,20.3,22.5,42.8,0,0,0,23.45,0
2004,12,1,12.24,7.56,26.01,-4.7,1.5,25.5,27,0,0,0,22.86,0
2004,12,10,3.58,0.72,200.62,13.7,18.9,21.9,40.8,14.71,-44.43,0.77,29.12,0
2004,12,11,12.78,14.01,103.98,-4.5,1.1,25.1,26.2,0,0,0,11.28,0
2004,12,12,18.25,19.04,112.98,-42.1,-21.9,23.1,1.2,0,0,0,10.52,0
2004,12,13,18.85,18.34,33,-26.5,-22.3,22.7,0.4,0,0,0,12.43,0
2004,12,14,13.97,15.26,50,-9.1,2.7,22.7,25.4,0,0,0,11.63,0
2004,12,15,17.58,18.93,57.98,-59.9,-23.1,22.9,-0.2,0,0,0,6.97,0
2004,12,16,13.64,13.93,108.02,-19.2,12.4,16.3,28.7,0,0,0,16.23,0
2004,12,17,6.82,5.25,145,-1.3,17.7,21.7,39.4,0,0,0,28.68,0.01
2004,12,18,2.65,1.39,141.41,29.9,20.9,24.9,45.8,0,0,0,37.58,0
2004,12,19,7.15,4.82,81,25.1,13.3,26.3,39.6,0,0,0,28.88,0
2004,12,2,14.57,4.78,36.99,-10.7,3.1,21.1,24.2,0,-27.57,0,25.44,0
2004,12,20,13.93,11.61,110,-26.7,5.1,22.1,27.2,0,0,0,11.14,0
2004,12,21,17.03,11.23,43.98,-17.3,-0.9,20.1,19.2,0,0,0,16.35,0
2004,12,22,2.44,7.23,158.38,15.4,21.6,23.7,45.3,0,0,0,23.33,0
2004,12,23,2.46,-0.19,309.91,23.2,19.6,23.1,42.7,202.57,-94.44,1.63,36.57,0
2004,12,24,0.78,-1.28,204.8,28.7,21.7,23.3,45,246.81,-46.43,5.19,42.16,0
2004,12,25,2.8,4.29,210.22,26.6,19.6,22.5,42.1,0,0,0,36.28,0
2004,12,26,3.52,5.89,260.02,18.2,19.4,22.7,42.1,0,0,0,30.04,0.01
2004,12,27,14.89,18.55,56.99,-27.1,10.3,16.3,26.6,0,0,0,13.13,0
2004,12,28,13,12.19,107.79,-3.8,13.6,15.3,28.9,0.54,-56.14,0.23,17.72,0
2004,12,29,11.34,7.99,69.21,-12.1,13.9,18.3,32.2,7.2,-15.41,1.94,19.01,0.04
2004,12,3,5.21,5.79,165.01,4.9,17.3,20.9,38.2,0,0,0,26.7,0
2004,12,30,6.76,4.51,114.39,-11.6,17.6,20.7,38.3,11.12,-32.7,4.88,23.53,0.19
2004,12,31,5.87,3.17,149.81,-5.3,18.5,20.3,38.8,35.66,-7.52,6.16,25.61,0.21
2004,12,4,4.05,6.31,172.99,16.9,18.7,21.9,40.6,0,0,0,28.91,0
2004,12,5,4.62,3.6,170.59,20.9,18.9,20.1,39,1.9,-52.25,0.11,36.5,0
2004,12,6,14.24,3.46,38,-5.7,-1.7,24.3,22.6,0,0,0,32.69,0
2004,12,7,10.73,1.75,40,5.9,6.3,24.3,30.6,22.68,-598.35,3.8,36.43,0
2004,12,8,13.2,0.38,36.99,-0.9,1.3,24.3,25.6,11.75,-8.7,8.51,29.58,0
2004,12,9,4.3,-0.12,160.02,7.9,18.1,21.9,40,222.27,-19.85,3099.29,31.44,0
2004,2,1,-0.98,-0.75,247.6,35.3,23.7,24.5,48.2,296.73,-58.19,25.41,45.45,1.34
2004,2,10,5.95,4.11,162.4,17,18.2,19.3,37.5,10.73,-32.73,0.49,30.35,0
2004,2,11,8.44,3.94,127.06,-6,14.4,18.9,33.3,46.84,-31.69,3,30.38,0
2004,2,12,6.46,1.02,164.21,-12.1,16.7,20.3,37,63.61,-22.14,2.19,23.48,0
2004,2,13,9.03,2.06,95.39,1.1,11.9,21.9,33.8,62.94,-60.7,1.87,29.99,0
2004,2,14,8.68,0.71,98.8,13.9,12.5,22.5,35,38.68,-42.95,0.83,27.19,0
2004,2,15,5.99,1.29,247.29,29.2,16.3,20.9,37.2,240.39,-35.63,6.99,43.17,0.15
2004,2,16,13.12,13.14,88.01,1.5,0.1,25.1,25.2,0,0,0,20.17,0
2004,2,17,11.92,5.8,58,12.9,1.3,26.3,27.6,0,0,0,33.21,0.01
2004,2,18,19.62,20.84,124.98,-37.3,-8.1,18.9,10.8,0,0,0,10.43,0.01
2004,2,19,19.49,15.99,37,-37.7,-13.9,20.1,6.2,0,0,0,11.4,0
2004,2,2,3.91,4.9,287.7,4.3,19.9,21.3,41.2,0,0,0,21.74,0.2
2004,2,20,8.47,7.93,128.61,-6.3,17.9,17.9,35.8,3.83,-31.33,0.26,17.69,0
2004,2,21,7.36,1.98,117.01,-3.5,16.5,21.5,38,58.35,-28.44,2.48,22.49,0
2004,2,22,7.88,7.31,132.21,-4.1,15.3,20.3,35.6,0,0,0,21.77,0
2004,2,23,10.46,3.77,116.21,-0.9,12.5,18.5,31,38.12,-13.72,1.48,24.18,0
2004,2,24,6.14,2.83,246.23,10.8,16.2,21.1,37.3,42.84,-116.21,0.84,28.21,0
2004,2,25,3.7,-1.77,310.09,23.5,18.9,21.7,40.6,1045.42,-0.75,30.33,37.04,1.18
2004,2,26,0.89,0.31,242.42,28.2,22,23.5,45.5,68.59,-44.05,0.7,35.93,0.61
2004,2,27,10.31,6.05,186.17,-10.4,14.8,18.5,33.3,41.29,-4.77,0.5,20.03,0
2004,2,28,15.88,18.25,90.02,-40.1,-6.7,23.3,16.6,0,0,0,9.14,0
2004,2,3,10.01,-0.51,56,-2.1,7.5,25.5,33,190.24,-75.52,13.12,26.48,0
2004,2,4,4.72,0.35,101.59,16.7,16.9,24.9,41.8,38.61,-89.12,2.31,25.56,0
2004,2,5,10.32,2.07,83.19,2.3,9.7,22.7,32.4,25.26,-3.96,0.92,26.19,0
2004,2,6,2.66,0.24,350.01,9.3,20.5,20.5,41,123.3,-1.58,4.88,36.41,0.07
2004,2,7,2.87,-1.27,229.82,17.7,19.5,21.3,40.8,966.66,-3.92,38.17,39.56,0
2004,2,8,7.54,26.13,176.81,-18.3,15.3,20.3,35.6,0,0,0,15.74,0
2004,2,9,18.4,9.51,32.01,-44.1,-9.1,20.9,11.8,0,0,0,15.81,0
2004,3,10,14.52,9.4,92,-10.9,5.5,20.5,26,0,0,0,13.7,0
2004,3,11,20.48,13.69,42.99,-61.9,-23.3,19.7,-3.6,0,0,0,9.63,0
2004,3,12,13.95,12.07,86.99,-11.1,12.7,14.9,27.6,0,-23.84,0,14.62,0
2004,3,13,10.74,8.41,102.61,-7.6,14.8,17.1,31.9,0.4,-25.21,0.05,18.19,0
2004,3,15,2.64,1.5,183.39,22.8,19.8,22.1,41.9,46.01,-4.16,1.12,37.55,0.09
2004,3,16,0.36,-2.1,205.81,20.3,21.9,23.9,45.8,285.93,-6.29,5.82,42.22,0
2004,3,17,3.67,5.22,207.61,24.7,18.7,21.9,40.6,0,0,0,36.8,0.18
2004,3,19,13.26,2.56,33.99,-20.7,-1.5,25.5,24,0,0,0,15.87,0
2004,3,20,10.93,0.97,56.99,-14.5,2.3,27.3,29.6,0,0,0,16.49,0
2004,3,21,8.74,0.36,27,-9.3,10.1,26.1,36.2,2.28,-283.71,0.16,16.77,0
2004,3,22,7.18,2.66,257.12,-3.3,15.3,23.3,38.6,0,0,0,19.94,0
2004,3,23,9.17,7.57,95.6,2.3,14.5,20.5,35,0,0,0,21.2,0
2004,3,24,8.85,6.66,122.21,3,17.2,18.9,36.1,14.59,-3.24,1.38,21.91,0
2004,3,25,3.9,2.52,146.19,-12.8,21.2,22.1,43.3,55.19,-18.22,13.41,28.66,0.05
2004,3,26,-0.31,0.18,190.4,12.9,24.9,25.7,50.6,59.97,-56.86,27.4,28.87,0.71
2004,3,27,2.52,0.63,174.18,-1.5,22.9,22.9,45.8,67.75,-7.12,7.46,26.98,0.37
2004,3,28,6.34,4.03,99.61,7.7,17.7,21.9,39.6,1.96,-51.85,0.18,22.02,0.09
2004,3,29,7.84,2.99,77.22,8.5,13.9,23.9,37.8,1.22,-172.88,0.12,20.41,0
2004,3,3,7.23,3.38,155.79,-9.1,17.9,18.5,36.4,33.5,-16.83,17.49,22.53,0
2004,3,30,15.49,5.17,56,-35.3,-2.3,22.7,20.4,0,0,0,12.84,0.02
2004,3,31,7.47,3.85,92.22,2.7,15.9,22.9,38.8,0,0,0,21.35,0
2004,3,4,5.77,1.97,164.8,-12.8,18.4,19.3,37.7,27.52,-1.84,7.76,25.3,0
2004,3,5,13.1,3.49,66.98,-26.3,-7.5,28.5,21,0,0,0,20.32,0
2004,3,6,16.72,4.27,35.99,-27.7,-13.7,25.3,11.6,0,0,0,20.46,0
2004,3,7,8.31,4.15,67.96,16.5,9.7,24.7,34.4,3.68,-12.44,0.77,35.69,0
2004,3,8,16.7,6.02,83.99,-3.9,-2.1,20.9,18.8,0,0,0,16.22,0
2004,3,9,7.91,14.28,150.21,-3.3,17.9,18.1,36,0,0,0,18.15,0
2004,4,1,10.83,-0.71,100,-14.9,4.5,26.5,31,17.12,-192.15,0.26,18.17,0
2004,4,10,0.42,-2.89,205.21,26.6,21.2,25.5,46.7,634.13,-29.91,30.41,36.69,0
2004,4,11,1.31,-2.34,155.78,4.6,20.4,24.7,45.1,538.62,-42.06,42.52,27.9,0.01
2004,4,12,-1.79,-6.79,437.54,33.1,21.7,29.7,51.4,2010.67,-0.57,18.68,44.15,0.1
2004,4,13,2.52,-0.98,276.55,26.9,15.3,30.3,45.6,101.28,-412.85,18.42,39.96,0.86
2004,4,14,12.95,12.07,163.78,14.8,14.1,16.1,30.2,0,0,0,20.11,1.35
2004,4,15,15.78,15.81,85.02,-24.3,1.7,20.7,22.4,0,0,0,9.2,0
2004,4,16,4.81,4.47,130.8,-1.8,21.4,22.3,43.7,2.91,-52.08,1.14,17.63,0
2004,4,17,6.45,4.46,126.2,-7.6,19.6,21.3,40.9,0.96,-14.95,0.07,16.8,0
2004,4,18,7.91,5.34,126.22,-15,18,19.9,37.9,3.09,-34.63,0.82,16.56,0
2004,4,19,5.85,5.13,143.22,-12.3,20.1,20.1,40.2,1.21,-9.83,2.75,17.04,0
2004,4,2,12.68,9.72,95.01,-19.1,2.7,24.7,27.4,0,0,0,11.45,0
2004,4,20,8.61,5.35,108.39,-16,16.8,18.3,35.1,21.46,-14.65,16.47,19.35,0
2004,4,23,6.95,1.19,65.8,-15.3,13.3,24.3,37.6,29.02,-65.08,2.41,25.62,0
2004,4,24,4.31,-0.03,116.79,-8.1,17.5,23.5,41,201.15,-3.54,93.01,29.7,0
2004,4,25,5.71,1.99,97.8,6.7,16.3,23.3,39.6,0.1,-95.55,0.02,26.78,0
2004,4,26,7.45,1.13,71,17.3,12.3,24.3,36.6,132.59,-104.27,9.35,28.11,0
2004,4,27,1.8,-1.71,174.59,30.9,19.9,24.3,44.2,449.54,-41.05,28.83,37.05,0
2004,4,28,0.93,1.23,170.41,32.5,21.4,23.9,45.3,0,-165.61,0,43.92,0.07
2004,4,29,0.68,-2.08,191.79,34.5,22,23.7,45.7,326.04,-11.34,61.79,47.26,1.45
2004,4,3,5.47,7.19,184.6,0.1,19.5,22.3,41.8,0,0,0,14.8,0
2004,4,30,-0.74,-3.63,188.61,27.4,23,25.1,48.1,872.32,-1.32,80.52,40.95,0.15
2004,4,4,12.82,8.36,93.01,6.3,1.1,25.1,26.2,0,0,0,20.39,0
2004,4,5,13.93,12.8,64.01,-21.5,2.7,22.7,25.4,0,0,0,11.42,0
2004,4,6,13.67,7.38,46.99,-25.9,-1.9,25.1,23.2,0,0,0,13.42,0
2004,4,7,8.12,3.01,58.98,17.5,13.5,23.5,37,0,0,0,28.69,0
2004,4,8,-0.43,-3.11,192.61,16.7,21.9,28.9,50.8,206.19,-208.15,2.33,23.88,0
2004,4,9,0.06,-3.43,239.81,32.5,22.1,24.3,46.4,862.49,-13.78,24.35,40.3,0
2004,5,1,0.7,-4.8,163.6,26.9,21.1,26.1,47.2,1337.48,-2.23,78.74,40.17,0.01
2004,5,10,1.46,-2.53,153.8,-7.6,21.6,23.5,45.1,654.23,-1.21,20.32,36.86,0
2004,5,11,1,-3.01,160.79,23.9,21.9,24.5,46.4,721.09,-3.41,44.25,37.4,0
2004,5,12,0.4,-3.23,178,-2.7,22.9,24.3,47.2,866.54,-7.92,151.84,35.13,0
2004,5,13,7.67,-3.6,52.02,14.1,9.7,27.7,37.4,621.51,-1.4,18045.47,33.75,0
2004,5,14,3.5,-1.02,137.99,-9,19.4,23.5,42.9,148.58,-11.25,16.58,29.22,0
2004,5,15,3.28,-2.01,126.01,1.7,18.7,24.7,43.4,376.17,-3.65,473.92,29.23,0
2004,5,16,1.42,-2.65,179.2,28.8,21.2,23.7,44.9,495.66,-4.27,115.4,39.39,0.11
2004,5,17,1.42,-2.89,176.19,25.8,21.2,23.7,44.9,843.72,-1.75,296.16,35.78,0.02
2004,5,18,5.38,0.12,137.2,10.9,17.5,22.3,39.8,43.59,-13.72,702.01,28.59,0
2004,5,19,5.54,-2,95.4,-7.5,16.3,24.3,40.6,482.78,-14.24,69.08,27.15,0.06
2004,5,2,2.29,-2.6,180.82,23,20.2,23.1,43.3,1185.39,-7.4,145,35.15,0.05
2004,5,20,4.32,-0.71,126.81,-2.3,17.3,24.3,41.6,314.16,-45.82,97.48,26.89,0
2004,5,21,6.39,-1.8,92.01,8.9,14.9,23.9,38.8,671.59,-8.22,2355.21,27.08,0
2004,5,22,9.84,-1.09,31,2.1,7.5,25.5,33,451.34,-3.71,168.01,25.84,0
2004,5,23,3.76,-2.17,119.61,7.1,18.3,24.3,42.6,494.73,-5.45,496.08,26.39,0
2004,5,24,6.99,-0.84,61.59,0.9,13.1,25.1,38.2,85.16,-332.88,17.42,21.81,0
2004,5,25,5.32,-2.03,89.61,-5.9,16.3,24.3,40.6,301.65,-11.84,902.15,25.33,0
2004,5,26,14.43,0.66,32.98,-13.9,-1.9,24.1,22.2,283.5,-2.32,38.6,23.38,0
2004,5,27,13.76,4.96,33,-2.1,1.7,22.7,24.4,0,0,0,27.51,0
2004,5,28,15.03,2.83,28.01,-19.9,-2.5,23.5,21,0,0,0,23.76,0
2004,5,29,5.62,3.4,151.4,6.1,14.9,21.9,36.8,0,0,0,31.13,0
2004,5,3,3.38,-2.96,152.42,19.3,18.1,24.1,42.2,801.36,-12.73,70.4,36.48,0.02
2004,5,30,2.63,-0.52,167.99,24.3,18.3,22.3,40.6,610.79,-69.14,64.65,37.13,0
2004,5,31,0.67,-2.3,179.38,35.4,20.4,23.5,43.9,714.73,-65.99,58.01,41.8,0
2004,5,4,1.37,1.27,202.78,33.3,20,24.1,44.1,71.18,-136.88,4.06,42.27,2.19
2004,5,5,3.46,1.02,182.8,0.1,20.1,20.7,40.8,32.75,-9.51,0.84,27.12,0
2004,5,6,10.79,3.97,54.99,-0.7,4.3,26.3,30.6,0,0,0,19.27,0
2004,5,7,16.42,6.09,50,-34.9,-13.3,24.7,11.4,0,0,0,18.37,0
2004,5,8,12.54,5.47,44.99,-21.3,8.5,20.5,29,0,0,0,19.38,0
2004,5,9,2.94,2.95,201.23,-8.4,20.6,21.5,42.1,0.43,-35.3,0.08,29.58,0
2004,6,1,-1.19,-3.72,190.59,37.7,22.4,23.7,46.1,1570.66,-23.88,564.02,44.21,0
2004,6,10,-1.46,-6.53,175.4,33.5,22.3,26.3,48.6,2621.57,-1.23,514.94,51.28,0.37
2004,6,11,1.92,-2.8,152.58,30.7,18.9,24.9,43.8,732.97,-59.69,176.44,49.15,0.29
2004,6,12,0.98,-6.04,147.59,29.1,19.3,26.3,45.6,2254.33,-12.55,432.67,49.07,0
2004,6,13,0.21,-4.03,174.58,29.1,20.3,25.3,45.6,1400.92,-40.61,1170.16,51.11,0
2004,6,15,-0.58,-4.71,199.61,30.1,21.1,24.3,45.4,2495.24,-4.19,958.66,50.95,0
2004,6,16,0.17,-4.03,195.99,29.4,21.2,23.9,45.1,1317.32,-10.04,548.38,45.37,0
2004,6,17,5.14,-1.35,159.81,17.1,15.7,22.7,38.4,542.76,-2.8,154.95,37.13,0.02
2004,6,18,2.98,-4.29,170.59,6.5,17.7,24.7,42.4,1386.51,-19.38,572.05,38.37,0.06
2004,6,2,3.06,-4.64,136.41,6.5,17.3,25.3,42.6,1693.49,-6.08,768.93,38.84,0
2004,6,20,1.35,-4.19,176.79,33.3,19.5,23.3,42.8,2026.43,-21.55,403.27,47.05,0.59
2004,6,21,1.31,-3.73,168.6,26.9,19.1,25.1,44.2,1226.82,-43.05,2123.98,43.84,0.01
2004,6,22,1.11,-5.26,160.01,34.3,19.1,26.1,45.2,2119.15,-46.8,763.36,46.53,1.44
2004,6,23,5.75,-5.9,61.61,23.1,11.3,28.3,39.6,2407.01,-95.12,46256.75,34.65,0
2004,6,24,-3,-7.12,224.01,28,24,26.5,50.5,2559.05,-13.82,645.19,45.04,0
2004,6,25,-0.63,-8.14,149.38,30.1,19.9,29.9,49.8,2411.21,-89.71,2118.83,43.31,0
2004,6,26,-2.79,-5.46,215.78,22.3,23.3,26.9,50.2,1740.5,-47.42,894.94,44.29,0
2004,6,27,4.97,-5.81,94.98,19.9,13.9,26.9,40.8,2011.41,-28.4,1612.61,40.57,0
2004,6,29,-0.39,-4.84,199.22,32.1,21.5,25.5,47,1793.66,-25.15,416.92,46.26,0.98
2004,6,3,7.51,-4.06,56.01,17.3,10.3,26.3,36.6,1490.86,-14.9,456.3,35.06,0
2004,6,30,1.34,-4.27,184.82,31.7,19.6,24.5,44.1,2041.28,-4.97,1735.55,42.64,0.17
2004,6,4,-0.11,-5.32,175,10,21,25.5,46.5,2359.18,-2.72,772.05,44.21,0.02
2004,6,5,-1.4,-6,178.81,32.9,22.7,26.5,49.2,2013.56,-12.64,1138.6,43.34,0.12
2004,6,6,0.78,-5.98,123.6,27.7,19.9,26.9,46.8,1954.05,-7.46,598.72,40.56,0
2004,6,7,0.03,-5.21,149.6,33.4,20.9,25.9,46.8,2057.94,-31.93,1100.34,46.31,0.88
2004,6,8,0.89,-4.51,157.38,28.5,20.3,25.3,45.6,1637.19,-24.26,2367.85,45.38,1.51
2004,6,9,0.35,-5.39,170.81,32.2,20.8,25.3,46.1,2157.22,-7.21,827.11,48.79,0.34
2004,7,1,2.72,-2.72,167.19,31.1,18.3,23.3,41.6,1593.65,-17.92,3354.09,44.14,0
2004,7,10,2.34,-3.67,155.78,29.5,18.1,25.1,43.2,1314.23,-80.85,1902.19,37.36,0
2004,7,11,-1.06,-5.96,186.98,18.7,22.3,25.7,48,2164.46,-10.65,739.47,42.79,0
2004,7,12,0.43,-4.78,151.58,29.3,20.5,25.5,46,1685.75,-17.69,1254.99,46.67,0.1
2004,7,13,0.49,-4.57,173,28.4,20.4,24.9,45.3,1992.67,-17.77,890.63,43.71,0
2004,7,14,3.78,-4.4,131.8,20.9,16.5,24.5,41,2398.17,-11.17,1721.24,39.85,0.12
2004,7,15,0.07,-4.75,154.2,28.5,19.9,26.9,46.8,2064.47,-65.45,4600.48,45.15,0
2004,7,16,-0.64,-3.9,186.2,31.7,21.5,25.1,46.6,1396.8,-47.02,403.85,47.5,0.46
2004,7,17,1.35,-3.29,187.8,32,19.5,23.3,42.8,1759.06,-11.98,249.71,49.57,0.14
2004,7,18,1.14,-2.24,227.77,29.9,19.7,23.7,43.4,605.35,-45.06,5.37,46.69,0.09
2004,7,19,0.01,-2.63,238.82,34.2,21.3,22.3,43.6,1035.29,-29.48,118.25,52.97,0.1
2004,7,2,3.85,-4.23,121.61,27.9,16.1,25.1,41.2,1050.43,-15.34,252,45.15,0
2004,7,20,-0.4,-1.95,195.38,38.7,20.9,24.7,45.6,464.77,-78.37,1380.17,57.53,0.93
2004,7,21,0.48,-1.51,189.78,33,20.2,23.9,44.1,276.89,-128.95,139.08,52.4,0.92
2004,7,22,3.83,0.14,164.41,4.5,16.3,23.3,39.6,57.52,-120.92,106.42,35.46,0
2004,7,23,7.01,-2.24,120.58,12.1,13.3,22.3,35.6,1192.12,-21.11,1225.12,35.42,0
2004,7,24,4.11,-3.9,115.19,27.3,15.7,25.7,41.4,942.12,-66.49,1788.07,32.78,0
2004,7,25,0.47,-4.21,194.6,32.7,20.5,23.7,44.2,1867.44,-10.46,1552.74,52,0
2004,7,26,-0.15,-1.18,176.81,33.4,20.9,24.9,45.8,157.85,-150.07,31.4,50.18,0.01
2004,7,27,2.01,-2.17,162.59,31.4,18.7,23.3,42,1010.5,-43.14,384.05,52.29,0.01
2004,7,28,0.59,-1.44,182.39,34,20.7,22.9,43.6,430.51,-45.92,945.24,55.36,0.32
2004,7,29,-1.91,-3.81,237.2,38.2,23.1,23.1,46.2,1582.15,-3.81,138.54,64.77,2.64
2004,7,3,-3.6,-3.47,228.6,34.8,24.4,24.5,48.9,1649.62,-38.85,435.87,55.33,0.1
2004,7,30,0.5,-3.61,213.39,30,21,22.3,43.3,1832.48,-7.37,2011.74,51.72,0.28
2004,7,31,-0.1,-3.54,212.82,36.5,21.3,23.5,44.8,1547.12,-16.43,391.2,54.59,0.02
2004,7,4,-0.22,-4.73,200.98,29.1,21.3,24.1,45.4,2140.4,-6.41,1026.26,45.41,0.37
2004,7,5,-0.71,-5.3,198.98,31.1,21.3,25.1,46.4,2521.78,-10.65,1900.16,47.79,0
2004,7,6,2.9,-5.26,146.98,23.7,17.7,24.7,42.4,2320.28,-13.07,53576.73,40.34,0
2004,7,7,2.54,-3.81,131.79,29.3,17.9,24.9,42.8,1658.52,-68.29,1215.3,32.39,0
2004,7,8,2.74,-1.76,141.78,15.1,17.7,24.7,42.4,683.87,-104.94,1186.17,32.35,0
2004,7,9,11.03,-5.01,27.99,3.3,2.1,27.1,29.2,2164.95,-55.81,847.66,34.87,0
2004,8,1,2.38,-4.4,166.59,31.8,17.9,24.9,42.8,1640.93,-36.74,170.16,52.62,0.14
2004,8,10,3.18,-3.11,153.61,25.9,17.1,24.1,41.2,1091.04,-28.14,560.1,41.67,0
2004,8,11,0.21,-6.45,182.6,27.1,20.3,25.3,45.6,2577.97,-4.72,2031.65,49.75,0
2004,8,12,-1.27,-6.03,215.41,35.2,21.6,25.3,46.9,2500.08,-14.44,620.1,53.03,0.2
2004,8,13,-0.97,-5.22,280.19,24.4,21.6,24.3,45.9,2012.87,-25.51,37.88,51.18,0.68
2004,8,14,0.64,-6.16,200.59,32.8,20,24.3,44.3,2923.66,-2.11,4061.49,52.76,0.01
2004,8,15,1.47,-4.64,168.18,29.1,18.5,25.5,44,1896.79,-38.09,2070.08,45,0.02
2004,8,16,1.43,-5,155.38,28.9,18.7,25.7,44.4,1824.88,-51.83,10887.54,45.21,0.05
2004,8,17,-4.9,-5.59,270.58,43.2,25.5,25.5,51,2086.77,-16.9,652.75,67.58,0.01
2004,8,18,0.64,-4.28,175.4,31.5,20.1,24.3,44.4,1947.61,-35.84,495.62,52.32,0.11
2004,8,19,1.43,-6.02,155.4,32.9,18.7,25.7,44.4,2769.21,-12.4,1846.53,52.89,0
2004,8,2,1.78,-1.13,192.21,32.4,18.3,24.3,42.6,276.23,-138.93,53.02,54.3,2.89
2004,8,20,-1.62,-6.14,193.99,33.7,22.5,25.7,48.2,2512.85,-13.84,1643.96,53.52,0.02
2004,8,21,-1.99,-5.82,200.01,31.4,22.6,25.9,48.5,2347.17,-13.72,2226.11,50.47,0
2004,8,22,0.01,-5.13,176.6,27.3,20.5,25.5,46,1834.35,-14.04,943.77,49.34,0.12
2004,8,23,3.14,-2.9,136.79,29.8,17.3,24.3,41.6,990.97,-49.72,16005.31,49.48,0.05
2004,8,24,0.48,-2.24,179.78,35.3,20.2,23.9,44.1,1025.96,-57.87,216.69,49.54,0.61
2004,8,25,0.09,-4.71,163.19,34.3,20.5,25.5,46,1907.88,-24.45,950.06,54.69,0
2004,8,26,1.19,-5.7,160.18,32.4,19.3,25.3,44.6,2472.29,-8.38,11470.02,50.96,0
2004,8,27,-0.63,-5.17,184.39,30.8,21.4,25.1,46.5,2208.95,-25.93,3433.82,49.67,0
2004,8,28,-0.21,-5.36,183.04,31.4,21,24.3,45.3,2664.16,-6.19,1155.82,50.22,0.93
2004,8,29,0.99,-4.59,164.2,30.1,19.5,25.5,45,1463.82,-39.99,17915.14,44.7,0
2004,8,3,1.75,-3.94,215.79,34.4,19.3,22.7,42,1656.69,-5.06,124.03,58.83,0.96
2004,8,30,-0.28,-4.95,186.98,25.7,20.7,25.7,46.4,1824.75,-30.41,2412.77,44.16,0
2004,8,31,-1.21,-6.01,197,32.7,21.7,25.7,47.4,2598.11,-9.71,549.93,50.75,0
2004,8,4,2.59,-1.21,191.2,30.5,18.1,22.9,41,321.11,-65.93,61.22,54.91,1.17
2004,8,5,1.44,-2.54,212.42,34.4,18.9,23.9,42.8,810.67,-64.9,78.94,57.52,0
2004,8,6,0.62,-3.41,242.4,33.7,20.3,22.3,42.6,1797.52,-11,214.95,53.83,1.04
2004,8,7,-0.96,-1.95,232.98,36.6,21.6,22.9,44.5,932.11,-25.37,2298.74,56.78,0.39
2004,8,8,1.91,-2.43,184.81,25.4,18.6,23.5,42.1,883.53,-51.59,1116.91,50.01,0.11
2004,8,9,3.63,-6.19,134.58,21.3,16.5,24.5,41,2845.97,-1.29,3278.93,48.26,0.78
2004,9,1,1.83,-4.2,178.01,30.5,18.5,24.5,43,2238.95,-14.97,293.57,51.48,0.16
2004,9,10,3.36,-3.7,162.99,27.7,16.7,24.7,41.4,1025.98,-33.32,9883.01,43.54,0.12
2004,9,11,0.9,-3.87,192.42,18.2,19.8,24.5,44.3,945.12,-17.51,726.64,42.1,0
2004,9,12,1.48,-3.87,199.01,22.6,19.2,24.1,43.3,1281.56,-1.34,451,41.72,0.02
2004,9,13,0.14,-6.06,216.42,17.9,20.7,24.7,45.4,2107.73,-1.4,600.25,45.9,0
2004,9,14,-0.52,-5.4,245.8,33.7,21.4,24.7,46.1,1487.56,-8.35,91.5,54.1,0.06
2004,9,15,-1.66,-4.71,272.01,33.2,22.2,23.7,45.9,1874.39,-1.03,73.04,55.1,0
2004,9,16,1.76,-3.86,196.01,24.8,18.6,23.3,41.9,1745.61,-5.64,613.95,50.49,0.72
2004,9,17,2.15,-5.35,160.39,21.3,18.1,24.1,42.2,2124.69,-0.6,6381.22,44.7,0.06
2004,9,18,-2.2,-4.17,223.38,40.3,23.1,23.1,46.2,1560.84,-2.79,612.6,60.74,0
2004,9,19,-1.24,-5.9,175.99,37.8,21.8,26.1,47.9,1976.6,-24.79,899.65,49.8,1.79
2004,9,2,1.55,-4.87,177.79,29.9,18.5,25.5,44,1675.73,-34.11,502.38,45.96,0.21
2004,9,20,-0.13,-2.39,202.4,8.8,21.4,24.1,45.5,399.62,-61.56,347.19,34.92,0
2004,9,21,1.03,-3.89,200.99,29.7,20.1,23.7,43.8,1234.86,-10.89,99.65,43.97,0.03
2004,9,22,-0.2,-1.91,227.6,31.9,21.5,22.1,43.6,971.45,-11.43,106.67,53.95,0.22
2004,9,23,5.82,2.93,194.4,1.8,16.4,19.1,35.5,3.68,-26.95,0.39,33.19,0.89
2004,9,24,6.82,2.78,165.2,5.1,14.5,20.5,35,0,0,0,31.2,0
2004,9,25,-2.57,-0.03,296.39,30.3,22.9,23.1,46,34.43,-13.87,2,52.66,0.55
2004,9,26,0.03,-2.59,360.13,36.9,20.8,22.5,43.3,564.99,-6.65,20.94,63.6,0.84
2004,9,27,0.89,-3.25,223.21,9.3,19.7,24.7,44.4,581.32,-41.42,117.31,47.61,0
2004,9,28,-0.1,-3.67,219.01,34.3,21,23.7,44.7,1184.88,-14.97,128.3,50.92,0.15
2004,9,29,2.02,-2.89,171.78,32.4,18.6,23.3,41.9,1175.34,-19.7,928.4,47.07,0.01
2004,9,3,0.82,-4.35,237.99,31.1,19.1,25.1,44.2,1311.89,-41.58,51.82,45.57,0.18
2004,9,30,5.26,-1.43,146.18,29.5,15.1,22.1,37.2,1118.02,-30.23,237.43,44.35,0
2004,9,4,0.84,0.07,307.01,37.4,19.6,22.5,42.1,9.88,-90.01,0.17,61.96,0.15
2004,9,5,-2.09,-4.23,439.74,39.8,22.5,22.5,45,1525.56,0,26.01,70.53,1.56
2004,9,6,-2.15,-6.22,294,35.8,22.6,24.3,46.9,2416.61,-0.92,318.93,55.77,1.78
2004,9,7,0.66,-4.93,210.02,30.6,20,24.1,44.1,1767.85,-8.01,1306.26,51.4,0
2004,9,8,0.61,-3.52,210.99,33.8,20,23.3,43.3,1577.19,-7.72,460.14,56.39,1.55
2004,9,9,6.41,-3.11,103.78,27.2,12.9,23.9,36.8,1636.75,-24.92,1174.99,47.76,0
2005,1,1,11.44,7.12,84.01,-17.3,13.1,17.7,30.8,0.95,-26.12,0.33,17.67,0.09
2005,1,10,14.8,6.42,40.99,-33.5,-2.3,23.7,21.4,0,0,0,15.53,0
2005,1,11,10.73,6.97,60.61,-14.9,12.3,20.3,32.6,0,0,0,16.58,0
2005,1,12,5.94,1.08,113.78,-8.3,17.9,21.3,39.2,26.94,-6.25,10.28,23.86,0
2005,1,13,5.58,1.46,190.98,18.7,16.7,20.7,37.4,362.52,-2.98,26.77,32.43,0
2005,1,14,1.29,-1.25,214,28.6,20.8,22.1,42.9,1097.96,-0.96,29.91,40.84,0
2005,1,16,5.02,8.13,186.99,15.4,18.6,19.9,38.5,0,0,0,31.36,0.14
2005,1,17,19.04,15.15,73,-49.3,-18.7,21.3,2.6,0,0,0,9.69,0
2005,1,19,9.76,10.58,106.18,4,17.2,18.9,36.1,0,0,0,20.12,0
2005,1,2,9.21,6.31,134.18,-20.8,15.6,19.1,34.7,1.48,-42.65,0.82,18.94,0
2005,1,20,17.76,17.47,75,-10.5,-3.9,20.1,16.2,0,0,0,13.78,0
2005,1,21,11.38,11.86,171.4,5,13.2,17.3,30.5,0,0,0,22.47,0
2005,1,22,12.82,9.14,35.98,1.5,7.9,20.9,28.8,0,0,0,17.32,0
2005,1,24,21.58,25.36,88.99,-33.9,-27.1,18.9,-8.2,0,0,0,11.55,0
2005,1,25,19.52,18.31,55.98,-16.3,-4.1,17.9,13.8,0,0,0,15.7,0
2005,1,26,13.63,12.3,39.98,5.7,7.7,19.7,27.4,0,0,0,17.43,0
2005,1,27,10.85,11.55,131.82,-3.3,13.9,17.3,31.2,0,0,0,18.86,0
2005,1,28,5.87,4.5,177.6,6.7,18.9,18.9,37.8,59.9,-4.15,4.09,32.1,0
2005,1,29,7.35,6.26,111.6,17.8,17.4,21.5,38.9,0,0,0,26.59,0.6
2005,1,3,9.93,7.79,158.62,2.9,15.1,17.1,32.2,2.11,-20.04,0.38,20.49,0.03
2005,1,31,13.48,12.72,67.02,-20.3,6.9,20.9,27.8,0,0,0,11.98,0
2005,1,4,7.4,4.39,140.8,7.1,17.1,18.7,35.8,11.39,-18.04,1.81,24.07,0
2005,1,5,5.77,4.34,182.79,-8.8,18.4,19.3,37.7,4.1,-22.01,0.4,26.24,0
2005,1,6,8.06,2.48,132.2,-1.6,16.4,18.3,34.7,170.71,0,672.49,23.76,0
2005,1,7,6.8,3.3,139,-0.4,16.6,19.1,35.7,13.3,-11.71,98.17,25.16,0
2005,1,8,10.71,3.24,57.21,-18.7,11.7,19.7,31.4,22.27,-26.23,9.14,21.62,0
2005,1,9,7.37,5.38,135.62,-20.1,17.3,19.1,36.4,5.23,-39.29,1.88,18.91,0
2005,10,1,0.37,-3.94,209.41,34.1,20.4,24.1,44.5,1246.72,-6.29,2387.02,56.52,0.11
2005,10,10,1.14,-1.51,205.59,35.4,19.5,21.5,41,957,-23.48,214.06,48.14,0
2005,10,11,1.05,-2.12,234.8,20.6,19.4,21.7,41.1,1415.51,-2.99,667.38,47.73,0
2005,10,12,3.77,-1.13,185.61,20.5,16.9,20.7,37.6,1077.54,-10.5,854.26,42.99,0.25
2005,10,13,6.42,0.35,142.41,20.3,14.1,21.1,35.2,106.51,-101.49,123.82,37.43,0
2005,10,14,2.78,-2.76,171.78,26.3,17.9,22.9,40.8,862.87,-1.1,659.03,44.31,0
2005,10,15,1.69,0.84,238.21,36.1,19.5,19.5,39,531.94,0,264.1,51.53,0.51
2005,10,16,1.9,2.63,204.2,34.4,19.1,21.5,40.6,0.12,-60.98,0.01,46.06,0.1
2005,10,17,8.57,3.95,86.01,-9.7,10.3,23.3,33.6,0,0,0,30.22,0
2005,10,18,0.21,1.08,196.01,31.7,20.9,22.7,43.6,25.36,-368.9,1.21,40.73,0
2005,10,19,-1.99,-5.35,205.8,39.2,23,25.1,48.1,1501,-3.48,476.63,51.19,0.32
2005,10,2,1.04,-3.86,206.42,31.1,19.7,23.9,43.6,1221.11,-11.82,1617.79,48.52,0.47
2005,10,20,0.26,-3.56,192.2,34,20.5,24.3,44.8,1001.26,-29.14,574.58,46.29,0.08
2005,10,21,1.83,-4.7,173,32.9,18.5,24.5,43,1882.29,-11.83,267.11,57.23,0.37
2005,10,22,-0.38,-4.46,375.07,30.8,21,23.9,44.9,1816.42,-9.77,93.14,57.09,0.11
2005,10,23,3.82,-5.49,187.99,18.7,15.7,24.7,40.4,2462.9,-0.43,157.49,44.03,0
2005,10,25,13.26,19.6,178.41,0.8,12,15.1,27.1,0,0,0,14.53,0.44
2005,10,26,20.74,20.64,64.98,-26.7,-8.3,17.7,9.4,0,0,0,12.37,0
2005,10,27,8.75,8.75,112.19,-9.4,16.2,19.5,35.7,0,0,0,18.85,0
2005,10,28,4.09,9.74,190.59,18.8,19,20.5,39.5,0,0,0,29.52,0
2005,10,29,10.77,3.92,37,3.1,9.5,22.5,32,0,0,0,21.71,0
2005,10,3,0.26,-4.91,214.99,31,20.4,24.5,44.9,1888.61,-7.44,2143.61,50.08,0.72
2005,10,30,11.18,5.85,100.8,-23.3,11.3,19.3,30.6,1.99,-16.42,0.18,18.88,0
2005,10,31,5.51,5.85,153.19,17.1,16.5,20.5,37,0,0,0,32.93,0
2005,10,4,-1.9,-3.67,246.8,36.9,22.8,23.1,45.9,1571.65,-0.96,858,59.25,0.09
2005,10,5,-0.16,-3.04,244.61,31.7,20.7,22.9,43.6,1562.24,-11.57,8126.89,58.48,0.93
2005,10,6,0.06,-2.64,238.21,37.7,20,23.9,43.9,971.53,-18.08,265.31,64.64,0.15
2005,10,7,-0.48,-1.78,267.8,37.9,21.2,21.9,43.1,528.29,-13.89,555.17,68.82,0.22
2005,10,8,1.06,-1.97,245.41,33.2,19.3,21.5,40.8,1308.82,-11.57,327.05,54.51,0.35
2005,10,9,2.43,-0.39,205.78,16.9,18.3,20.5,38.8,528.25,-24.96,173.26,35.28,0
2005,11,1,0.96,-2.32,190.79,33.5,20.3,23.3,43.6,709.15,-2.3,130.79,53.37,0.56
2005,11,10,15.82,5.46,25,-20.7,-8.3,24.7,16.4,0,0,0,17.23,0
2005,11,12,3.03,1.78,152.01,6.8,20,22.3,42.3,0.07,-18.53,0.01,25.4,0
2005,11,13,8.18,4.08,128.18,-5.9,15.1,18.5,33.6,16.15,-17.41,1.85,25.41,0
2005,11,14,7.15,2.36,150.82,3.5,15.5,20.1,35.6,15.63,-20.47,15.21,25.66,0
2005,11,15,8.56,2.66,140.19,-4.2,14.4,18.7,33.1,26.42,-9.31,6.92,24.11,0.06
2005,11,16,6.68,1.58,150.21,-8.6,15.6,20.3,35.9,22.9,-21.52,2.21,27.09,0
2005,11,17,6.28,2.75,170.99,-10.2,16.4,19.3,35.7,30.33,-33.77,6.69,29.24,0
2005,11,18,1.91,1.42,193.62,33.3,20.7,21.7,42.4,0.24,-29.44,0.11,42.92,0.02
2005,11,19,2.7,0.32,185.41,22.5,20.1,21.3,41.4,64.02,-12.9,8.01,39.8,0.15
2005,11,2,9.78,6.02,155.4,22.4,11.7,19.7,31.4,0,0,0,35.12,0.18
2005,11,20,0.38,-2.33,184.98,26.5,21.7,23.5,45.2,370.7,-8.33,34.97,39.48,0.64
2005,11,21,5.77,-1.53,125.2,29.6,14.1,25.1,39.2,238.29,-47.11,40.08,46.38,0
2005,11,22,13.52,11.57,163.62,-27.3,10.9,16.9,27.8,0,0,0,14.77,0.1
2005,11,23,7.5,10.1,162.19,-0.3,18.1,20.1,38.2,0,0,0,19,0
2005,11,24,15.2,9.9,42,-6.9,3.5,20.5,24,0,0,0,14.18,0
2005,11,25,10.15,8.07,119.6,2.1,13.5,18.3,31.8,0,0,0,22.57,0
2005,11,27,6.11,4.76,133.78,17.1,15.7,21.7,37.4,0,0,0,27.43,0
2005,11,28,3.33,0.79,143,31.2,17.1,25.1,42.2,25.67,-432.82,0.96,40.86,0
2005,11,29,4.53,-0.78,137.01,29,15.7,24.7,40.4,322.67,-3.54,14.78,45.73,0
2005,11,3,7.79,1.52,113.01,-17.5,13.5,22.5,36,9.69,-51.73,7.96,26.71,0.03
2005,11,30,3.24,0.03,165.18,26.4,18.6,23.3,41.9,36.93,-34.76,2.54,35.99,1
2005,11,6,11.94,0.03,26.01,3.7,6.7,21.7,28.4,636.86,-7.88,48.26,32.9,0
2005,11,7,5.8,1.74,148.81,6.7,16.3,20.3,36.6,82.8,-15.29,22.42,31.12,0
2005,11,8,9.39,1.88,61.6,1.5,9.7,23.7,33.4,0,0,0,25.91,0
2005,11,9,6.44,2.77,119.21,-12.7,15.7,21.7,37.4,0,0,0,20.23,0.01
2005,12,1,11.22,8.73,74.01,-11.5,5.7,24.7,30.4,0,0,0,17.43,0
2005,12,10,1.29,1.14,186.16,16.6,20.8,22.3,43.1,153.94,-162.29,7.06,35.95,0.1
2005,12,11,5.48,1.37,140,17.3,16.3,23.3,39.6,0,0,0,32.31,0.26
2005,12,12,9.38,6.62,48.99,-12.3,8.9,25.9,34.8,0,0,0,13.64,0
2005,12,13,16.06,17.02,82.21,-16.9,-0.7,21.3,20.6,0,0,0,10.76,0
2005,12,14,20.1,11.68,30.98,-34.9,-12.5,19.5,7,0,0,0,16.67,0
2005,12,15,4.95,3.75,238.7,9.1,18.3,22.5,40.8,0,0,0,28.34,0
2005,12,16,2.82,0.08,180.19,27.4,19.8,22.3,42.1,118.69,-25.6,5.65,42.29,0.07
2005,12,17,3.31,1.86,156.81,30.8,18.4,22.7,41.1,4.12,-144.18,0.31,41.7,0.01
2005,12,18,3.22,-0.96,172.21,18.7,18.1,24.1,42.2,335.61,-183.89,10.66,33.44,0
2005,12,19,0.33,-1.72,170.8,31.4,21.6,25.5,47.1,113.05,-72.53,2.7,43.77,0
2005,12,2,16.04,18.84,52.99,-14.1,-2.1,21.9,19.8,0,0,0,8.91,0
2005,12,20,0.09,1.11,199.41,6,22.8,24.3,47.1,0.46,-100.09,0.01,38.41,0
2005,12,21,2.66,5.75,172.81,27.8,21.4,23.3,44.7,0,0,0,36.59,0
2005,12,22,15.34,18.49,96.99,1.7,2.1,21.1,23.2,0,0,0,14.53,0
2005,12,23,16.82,12.25,57.01,-31.5,1.3,19.3,20.6,0,0,0,14.82,0
2005,12,24,9.23,1.91,54,-20.9,12.1,24.1,36.2,0,0,0,16.89,0
2005,12,25,0.63,2.27,257.8,25.1,22.7,23.7,46.4,0.95,-314.68,0.01,31.26,0
2005,12,26,9.9,8.01,158.81,-24.3,14.3,20.3,34.6,0,0,0,15.96,0.06
2005,12,27,17.05,21.11,58.99,-43.5,-23.3,24.7,1.4,0,0,0,6.37,0
2005,12,28,17.52,11.17,35.99,-45.7,-23.9,24.1,0.2,0,0,0,11.45,0
2005,12,29,3.83,6.32,211.41,11.3,19.9,22.1,42,0,0,0,24.15,0
2005,12,3,16.57,12.08,39.01,-15.7,-4.1,21.9,17.8,0,0,0,11.99,0
2005,12,30,6.8,14.14,169.82,1.3,16.7,19.9,36.6,0,0,0,17.9,0
2005,12,31,13.34,2.3,67.02,-9.9,-1.5,25.5,24,0,0,0,17.79,0
2005,12,4,13.42,5.61,25.99,-16.1,-0.9,25.1,24.2,0,0,0,17.83,0
2005,12,5,5.34,1.78,310.5,-10.4,17,21.9,38.9,36,-28.92,1.19,28.6,0
2005,12,6,5.68,-2.42,136.53,16.1,16.1,23.1,39.2,549.47,-13.95,21.29,35.2,0
2005,12,7,3.44,1.48,165.61,22.8,19.2,21.5,40.7,14.02,-22.67,0.23,41.34,0.29
2005,12,8,6.79,2.82,146.38,14.9,15.7,20.7,36.4,4.17,-36.38,0.33,30.75,0.21
2005,12,9,6.82,-1.14,108.59,13.1,13.3,24.3,37.6,182.1,-29.92,14.16,31.17,0
2005,2,1,17.22,8.73,67.02,-9.7,-7.9,22.1,14.2,0,0,0,19.67,0
2005,2,10,13.48,7.79,94,3.1,6.3,20.3,26.6,3.3,-15.79,0.07,28.65,0
2005,2,11,23.3,25.79,119.99,-62.9,-29.5,17.5,-12,0,0,0,7.49,0
2005,2,12,19.72,26.94,98.02,-32.3,-12.1,19.9,7.8,0,0,0,6.39,0
2005,2,13,22.08,19.46,53.01,-30.5,-15.3,17.7,2.4,0,0,0,15.2,0
2005,2,14,18.97,9.42,69.02,-20.3,-23.3,22.7,-0.6,0.07,-25.14,0,18.53,0
2005,2,15,8.36,5.85,134.19,13.3,16.9,18.7,35.6,4.17,-19.51,0.27,19.73,0
2005,2,16,13.4,4.83,38.99,-24.1,6.3,21.3,27.6,0,0,0,19.82,0
2005,2,17,6.33,5.18,95.6,10.1,16.3,23.3,39.6,0,0,0,23.04,0
2005,2,18,6.63,7.38,166.98,3.4,16.6,20.9,37.5,0,-193.09,0,22.54,0
2005,2,19,9.91,10.02,125.01,8.9,14.7,17.9,32.6,0,0,0,24.36,0
2005,2,2,9.81,8.32,135.4,-9.1,13.7,19.7,33.4,0,0,0,22.68,0
2005,2,20,18.82,8,38,-16.7,-16.3,21.7,5.4,0,0,0,20.77,0
2005,2,21,18.67,8.44,50.99,-20.5,-9.3,20.7,11.4,0,0,0,18.93,0
2005,2,22,8.58,5.15,65.2,2.1,12.5,23.5,36,0,0,0,27.61,0
2005,2,23,3.7,3.38,158.2,19.5,19.3,23.9,43.2,0,0,0,30.94,0
2005,2,24,4.42,-1.28,154.8,1.6,19,22.7,41.7,447.33,-3.96,11.15,26.22,0
2005,2,25,1.71,-1.55,203,30.6,21.2,23.7,44.9,640.91,-38.75,12.04,36.68,0.44
2005,2,26,6.01,4.23,170.41,27.4,16.3,22.3,38.6,0,0,0,36.39,0
2005,2,27,5.42,-1.42,304.01,25.5,14.7,25.7,40.4,171.24,-64.99,1.46,43.13,0.1
2005,2,28,-2.61,-4.67,319.78,35.7,25,26.3,51.3,899.34,-23.19,24.01,38.09,0
2005,2,3,5.94,5.62,152.38,12.6,18.6,19.9,38.5,1.2,-43.27,0.04,32.48,0.04
2005,2,4,4.37,3.92,188.79,24.8,19.2,21.9,41.1,0,0,0,33.9,0.01
2005,2,8,13.41,12.03,112.82,4.5,12.7,14.1,26.8,0.01,-32.33,0,18.92,0
2005,2,9,10.58,8.44,84.9,14.3,11.9,19.9,31.8,0,0,0,21.77,0
2005,3,1,14.27,8.54,120.01,-14.5,1.1,23.1,24.2,0,0,0,13.84,0.03
2005,3,10,17.61,18.86,154,4.1,3.9,15.9,19.8,0,0,0,21.05,1.01
2005,3,11,14.91,17.33,140.19,-13,12.6,12.9,25.5,0,0,0,13.26,0
2005,3,14,13.74,2.64,95.01,-9.1,-4.7,26.3,21.6,0,0,0,22.37,0
2005,3,15,0.04,0.42,202.41,1.9,21.7,25.7,47.4,2,-489.95,0.06,28.45,0
2005,3,16,0.6,-2.08,345,20.3,21.3,24.5,45.8,269.53,-31.1,2.88,32.18,0
2005,3,17,1,-4,229.6,30.9,20.7,25.1,45.8,774.23,-26,17.32,41.36,0
2005,3,18,1.82,3.89,255.02,25.3,22.3,22.3,44.6,0,0,0,29.35,1.72
2005,3,19,19.58,16.12,89.01,-50.5,-22.3,21.7,-0.6,0,0,0,10.08,0.09
2005,3,2,13.57,9.93,107.98,-27.3,1.1,24.1,25.2,0,0,0,12.74,0
2005,3,20,11.93,12.92,63,-5.7,1.3,26.3,27.6,0,0,0,11.05,0
2005,3,21,4.89,-0.53,221.19,22.7,14.3,28.3,42.6,34.44,-351.06,0.32,30.31,0
2005,3,22,-1.62,-4.8,379.73,33.5,23.7,25.5,49.2,1564.97,-2.63,30.27,39.56,0
2005,3,23,2.12,-4.09,343.16,4.7,19.5,24.5,44,1718.34,-3.83,34.01,35.28,0
2005,3,24,1.01,-1.06,295.88,30.3,18.1,30.1,48.2,118.5,-446.64,2.48,37.31,0.12
2005,3,25,-5.7,-6.65,384.62,37,27.4,28.7,56.1,1049.78,-39.87,22.62,44.95,0
2005,3,26,-0.33,-2.56,348.86,31.2,21.2,25.9,47.1,579.92,-93.63,28.89,37.83,0
2005,3,27,2.53,-3.33,350.46,1.9,17.9,25.9,43.8,680.35,-2.73,34.83,35.21,0
2005,3,28,6.62,-4.01,150.28,5.9,9.7,28.7,38.4,1103.83,-208.03,22.3,30.89,0
2005,3,29,15.83,8.42,100,-49.7,-20.3,26.7,6.4,0,0,0,11.43,0
2005,3,3,15.8,19.64,101.01,1.7,0.3,21.3,21.6,0,0,0,16.78,0
2005,3,30,16.42,12.22,42,-38.9,-22.3,26.7,4.4,0,0,0,14.19,0
2005,3,31,13.52,-0.16,20.01,-45.1,-18.3,29.7,11.4,55.68,-726.88,7.71,19.46,0
2005,3,4,4.18,7.24,214.21,27.2,20.7,20.7,41.4,0,0,0,32.08,1.09
2005,3,5,10.06,12.3,137.8,-6.8,15.6,17.3,32.9,0,0,0,16.39,0.01
2005,3,6,19.09,16.91,107.01,-32.9,1.5,15.5,17,0,0,0,13.5,0
2005,3,7,19.29,13.93,64.98,-23.9,-22.9,22.1,-0.8,0,0,0,21.91,0
2005,3,8,10.03,0.14,145.01,18.1,2.5,28.5,31,26.75,-284.15,0.27,36.42,0
2005,3,9,-1.24,14.74,355.72,37.1,24.5,24.5,49,0,0,0,38.99,0.02
2005,4,10,12.05,5.72,77.39,-11.3,10.5,18.5,29,4.11,-35.81,0.15,21.28,0
2005,4,11,16.04,7.2,46.02,-36.3,-10.3,24.7,14.4,0,0,0,13.54,0
2005,4,12,15.35,3.66,40,-31.9,-12.1,25.9,13.8,0,0,0,22.17,0
2005,4,13,1.96,0.04,234.19,15.6,20.4,22.5,42.9,256.05,-52.79,3.43,33.07,0
2005,4,14,16.15,10.45,112.98,2.7,-7.5,23.5,16,0,0,0,21.57,0
2005,4,15,10.11,4.71,83,-2.9,10.9,23.9,34.8,0,0,0,16.95,0
2005,4,16,10.43,9.84,137.19,-9.6,14.2,17.3,31.5,0,0,0,20.5,0
2005,4,17,10.19,7.46,58.8,-23.3,13.3,21.3,34.6,0,0,0,14.24,0
2005,4,18,8.19,4.16,70,3.1,14.1,23.1,37.2,0,0,0,22.29,0
2005,4,19,15.97,6.64,45.01,-33.9,-9.9,24.1,14.2,0,0,0,15.05,0
2005,4,2,2.86,-0.8,249.8,7.1,18.9,22.7,41.6,464.34,-49.3,14.44,36.73,0
2005,4,20,6.04,4.93,110.02,0.4,19,21.9,40.9,0,0,0,21.14,0
2005,4,21,3.93,0.36,88.8,17.3,18.9,26.9,45.8,0,-396.77,0,20.44,0
2005,4,22,6.03,1.18,100.02,15.9,16.9,23.9,40.8,119.72,-48.43,13.49,24.24,0
2005,4,23,4.11,1.54,111.78,18.9,19.1,23.5,42.6,43.68,-80.7,20.81,27.53,0
2005,4,24,1.37,3.98,204.82,8.1,21.9,24.7,46.6,0,0,0,22.71,0.01
2005,4,26,8.73,2.7,270.01,15.3,11.3,23.3,34.6,5.9,-457.59,0.09,28.13,0
2005,4,27,2.51,-4.2,168.98,23.3,18.3,26.3,44.6,842.17,-55.69,11.56,43.61,0
2005,4,28,0.77,3.74,212.6,18.5,21.9,23.7,45.6,0,0,0,25.89,0.04
2005,4,29,14.5,3.93,42.99,-33.5,0.1,23.1,23.2,0,0,0,18,0
2005,4,3,16.27,14.67,85.69,-48.7,-22.7,25.3,2.6,0,0,0,7.12,0.33
2005,4,30,5.57,2,104.02,0.1,15.1,25.1,40.2,1.01,-890.22,0.03,19.75,0
2005,4,5,16.69,6.67,42,-44.5,-16.3,24.7,8.4,0,0,0,14.06,0
2005,4,6,7.98,3.67,47.99,-3.7,11.3,25.3,36.6,0,0,0,21.28,0
2005,4,7,4.74,-0.28,98.8,28.1,14.9,26.9,41.8,53.74,-153.06,1.55,34.34,0
2005,4,9,11.93,8.1,121.61,-0.1,10.1,19.1,29.2,0,0,0,20.5,0.32
2005,5,1,0.15,-2.94,179.6,2.6,21.6,26.3,47.9,261.39,-67.55,8.53,32.16,0
2005,5,10,5.22,3.87,129.81,-1.6,18.4,22.5,40.9,0,0,0,18.99,0
2005,5,11,9.35,1.66,54,-11.1,8.9,25.9,34.8,0,0,0,19.01,0
2005,5,12,4.83,2.1,132,12.2,18.4,22.7,41.1,0.8,-31.95,0.12,24.3,0
2005,5,13,6.8,2.27,125.6,10.1,16.3,21.3,37.6,3.74,-24.39,1.31,23.94,0
2005,5,14,6.88,2.95,149.62,-1.8,16.6,19.9,36.5,9.68,-9.12,186.24,22.95,0
2005,5,15,3.5,-0.27,151.6,11.2,19.4,22.9,42.3,184.13,-12.38,17.18,29.22,0
2005,5,16,7.11,0.82,97.8,23.3,14.9,21.9,36.8,68,-42.82,19.95,27.47,0
2005,5,17,2.9,-1.17,150.58,22.7,18.9,23.9,42.8,97.42,-31.92,4.6,33.21,0
2005,5,18,-0.03,-4.39,168.4,20.3,21.1,27.1,48.2,630.65,-41.42,32.68,38.55,0
2005,5,19,4.37,-1.17,106.21,16.7,16.1,26.1,42.2,103.01,-257.3,5.51,30.01,0
2005,5,2,5.25,0.25,144.19,25.5,15.9,22.9,38.8,463.91,-79.4,27.9,36.42,0
2005,5,21,2.45,-1.07,149.6,11.7,18.7,24.7,43.4,274.1,-76.68,360.88,32.26,0.12
2005,5,22,8.61,1.29,82.8,14.1,10.7,23.7,34.4,1.22,-133.67,0.16,29.38,0.01
2005,5,23,8.77,0.49,114.81,-8.3,11.5,21.5,33,377.6,-55.01,47.59,30.5,0.66
2005,5,24,0.78,-0.81,162.6,17.3,19.5,26.5,46,32.56,-344.01,13.12,29.33,0
2005,5,25,2.64,-3.26,150.78,16.3,16.9,26.9,43.8,858.69,-147.17,595.41,32.31,0
2005,5,26,-0.08,-3.57,187.62,26.2,21.8,24.9,46.7,808.32,-19.13,26.55,39.41,0
2005,5,27,8.95,-0.16,68.18,9.9,10.3,23.3,33.6,223.81,-125.72,24.01,27.85,1.08
2005,5,28,-0.91,-2.27,216.21,22.4,22.4,24.3,46.7,502.99,-142.97,64.37,35.92,0
2005,5,29,-0.69,-2.15,193.62,29.7,21.5,25.9,47.4,215.28,-145.7,11.96,42,0.57
2005,5,3,1.74,-3.73,164.8,32.7,19.1,26.1,45.2,1812.05,-36.51,58.13,42.97,0
2005,5,30,0.71,-5.88,177.61,25.5,19.7,25.7,45.4,2442.19,-14.53,326.91,43.22,0.25
2005,5,31,-1.16,-7.2,198.4,32.1,20.9,27.9,48.8,2701.74,-25.11,608.34,51.25,0.29
2005,5,4,0.68,-3.96,161.79,32.2,20.3,26.3,46.6,1531.07,-63.93,52.56,39.96,2.88
2005,5,5,-1.51,-5.72,201.41,34,22.7,27.7,50.4,1693.65,-32.54,52.25,44.7,0.81
2005,5,6,-2.12,-3.4,279.58,30.6,24.6,26.3,50.9,872.45,-24.34,16.3,35.99,0.27
2005,5,7,11.21,3.94,34.98,-15.5,9.1,22.1,31.2,0,0,0,19.78,0
2005,5,8,7.22,5.71,131.39,-14.9,17.1,19.9,37,0.18,-34.55,0.01,19.58,0
2005,5,9,15.72,8.41,30.01,-35.5,-2.5,22.5,20,0,0,0,16.03,0
2005,6,1,0.44,-4.6,231.4,34.8,20.1,24.7,44.8,2135.5,-34.64,231.23,51.85,0.34
2005,6,10,1.3,-1.5,276,36.3,19.6,22.3,41.9,418.2,-6.37,16.59,61.84,1.28
2005,6,11,-0.18,-3.69,242.02,34.7,21,22.9,43.9,1288.04,-7.28,91.8,60.78,1.44
2005,6,12,0.51,-3.43,202.81,33.2,20.4,22.7,43.1,1402.29,-0.4,1127.7,58.09,1.36
2005,6,13,4.97,-1.97,157.4,9.3,16.1,22.1,38.2,636.12,-10.19,445.06,34.65,1.17
2005,6,14,0.88,-3.6,204.81,31.8,20.4,22.9,43.3,1588.85,-1.58,689.62,46.5,0.11
2005,6,15,3.47,-2.23,161.8,16.5,17.1,23.1,40.2,1077.46,-5.67,503.96,37.55,0
2005,6,16,0.69,0.75,174.19,17.4,20.2,23.3,43.5,33.24,-306.55,20.44,36.54,0
2005,6,17,0.02,-3.22,181.8,24.2,20.6,25.3,45.9,855.88,-79.04,326.56,39.58,0.66
2005,6,18,-0.16,-3.74,205.41,29.7,20.5,25.5,46,1148.13,-52.34,319.49,44.55,0.84
2005,6,19,0.67,-1.94,205.79,30.9,18.5,26.5,45,675.84,-199.23,128.49,44.54,0.12
2005,6,2,-2.09,-5.93,273.31,36.9,23,25.5,48.5,2082.48,-31.23,160.2,54.31,0.07
2005,6,20,1.43,-1.6,271.97,32.1,19.7,24.5,44.2,243.06,-83.62,9.87,50.03,0.63
2005,6,21,0.95,-2.27,290.78,34.6,18.5,27.5,46,383.94,-197.09,6.83,49.16,4.89
2005,6,22,1.33,-6.77,163.21,30.1,18.5,26.5,45,3328.7,-0.45,188.88,47.81,0.29
2005,6,23,2.24,-1.41,161.99,32.8,18.5,24.5,43,609.29,-89.46,31.74,48.55,0.15
2005,6,24,3.55,-1.88,157.8,27.5,18.1,22.1,40.2,1066.67,-19.99,165.97,46.49,0.36
2005,6,25,3.75,0.55,182.01,10.1,17.1,22.1,39.2,328.92,-98.19,61.66,34.32,0.39
2005,6,26,1.11,-3.61,188.79,33.6,19.4,24.3,43.7,1624.5,-38.19,158.17,52.54,0
2005,6,27,0.96,-4.02,181.8,31.1,18.7,25.7,44.4,1738.91,-77.45,517.51,54.32,0.16
2005,6,28,1.01,-2.21,216.81,31.2,19.8,22.3,42.1,1372.72,-6.5,1882.24,55.54,0.41
2005,6,29,0.29,-3.93,193.21,33.4,20.4,23.9,44.3,1568.66,-15.96,456.59,54.34,0.07
2005,6,3,1.55,-4.09,190.8,31.9,18.5,25.5,44,1451.08,-46.88,47.36,53.66,0.79
2005,6,30,1.52,-1.55,174.98,30.9,18.9,23.9,42.8,367.82,-74.35,161.54,46.87,0
2005,6,4,0.08,0.24,218.4,33.7,21.4,23.7,45.1,71.53,-153.05,1.46,50.28,0.62
2005,6,5,-0.44,-5.62,205.01,36.9,21.6,24.7,46.3,1877.27,-2.52,248.73,54.8,0.03
2005,6,6,0.49,-5.5,166.2,25.7,20.1,25.1,45.2,2195.21,-11.85,156.63,47.96,1.67
2005,6,7,4.04,-3.11,111.61,27.5,15.7,25.7,41.4,671.06,-62.02,288.65,49.03,0.3
2005,6,9,3.34,-3.24,178.8,26.5,17.1,24.1,41.2,885.48,-26.1,490.83,47.92,0
2005,7,1,1.21,-3.99,178.6,33.4,19.3,24.3,43.6,1709.95,-3.23,274.47,55.3,1.12
2005,7,10,-2.11,-5.79,274.98,37.7,23.1,23.1,46.2,2483.84,-1.98,176.21,65.72,0.18
2005,7,11,1.75,-4.39,185.41,27.7,18.5,24.5,43,1277.06,-31.1,2858.03,43.84,0.08
2005,7,12,-0.32,-5.81,203.61,28.9,20.7,25.1,45.8,1884.11,-4.22,467.08,48.45,0
2005,7,13,0.26,-5.27,186.18,27.3,20.1,24.7,44.8,2115.14,-11.13,9548.28,46.75,0
2005,7,14,2.14,-6.16,153.8,29.7,18.3,25.3,43.6,2371.5,-0.64,570.21,49.99,0.75
2005,7,15,1.34,-5.04,162.8,28.5,19.1,26.1,45.2,1573.83,-35.78,387.66,42.42,0.66
2005,7,16,-0.44,-5.04,196.01,32.8,21,25.3,46.3,2047.55,-33.65,274.95,52.93,0.1
2005,7,17,1.63,-4.81,190.99,24.7,18.7,24.7,43.4,1965.49,-20.32,5319.45,46.49,0
2005,7,18,3.31,-3.27,178,14.9,16.9,23.9,40.8,1294.15,-22.54,5877.24,42.12,0.13
2005,7,19,-0.6,-3.57,208,32.5,20.7,25.5,46.2,1657.36,-56.64,1144.67,49.83,0.07
2005,7,2,1.24,-4.42,186.39,30.1,19.3,23.9,43.2,1828.55,-22.68,1539.53,50.43,0.26
2005,7,20,-2.92,-7.86,249.79,32.8,24,26.9,50.9,3519.17,-14.91,2666.44,47.06,0.19
2005,7,21,-0.34,-6.74,198.99,28,20.6,25.5,46.1,3201.32,-7,3031.07,47.81,0.15
2005,7,22,3.9,-5.05,131.61,25.3,15.5,25.5,41,1851.51,-22.04,1844.43,42.07,0
2005,7,23,0.92,-6.15,179,31.5,19.5,24.5,44,3189.02,-5.17,2899.94,51,0
2005,7,24,0.07,-4.5,184.18,26.7,20.1,25.1,45.2,1716.25,-45.44,5651.12,44.91,0
2005,7,25,6.28,-1.24,126.58,25.7,12.9,23.9,36.8,619.7,-80.15,947.56,48.55,0
2005,7,26,1.97,-1.83,200.2,30.7,18.3,23.1,41.4,1016.75,-58.62,223.32,48.84,0
2005,7,27,0.94,-3.48,185.59,34.7,19.4,24.3,43.7,871.07,-43.22,979.64,48.8,0
2005,7,28,3.22,-5.9,103.98,27.9,15.9,26.9,42.8,1421.63,-33.01,1338.13,45.15,0
2005,7,29,-0.68,-5.73,184.01,34.7,21.1,26.1,47.2,1898.76,-33.62,2192.68,46.09,0.02
2005,7,3,3.15,-3.23,167.78,28.3,16.9,23.9,40.8,1240.5,-29.31,641.18,47.41,0.06
2005,7,30,-2.4,-6.88,218.99,28.6,23.2,26.1,49.3,2448.38,-10.22,15447.76,47.19,0
2005,7,31,4.81,-5.01,123.8,25.9,14.5,25.5,40,2249.62,-32.53,300.99,47.74,0.16
2005,7,4,6.51,-1.64,150.18,2.3,13.7,21.7,35.4,1142.8,-19.96,463.58,47.52,0
2005,7,5,10.64,-2.16,33.99,-3.3,3.5,26.5,30,724.91,-152.05,374.6,29.44,0
2005,7,6,10.76,-2.2,41.01,16.5,4.5,25.5,30,707.95,-154.1,177.98,34.4,0
2005,7,7,5.73,-3.59,120.19,22.3,12.7,25.7,38.4,1113.67,-4.63,5516.68,41.75,0
2005,7,8,3.11,-1.47,217.61,32.1,17.3,23.3,40.6,463.49,-98.35,53.7,51.43,0.06
2005,7,9,3.99,-4.21,294.21,31.6,16.5,22.5,39,2065.79,-3.3,20.77,59.38,2.13
2005,8,1,1.01,-4.56,179.59,23.3,19.5,24.5,44,2002.24,-9.26,10345.29,44.48,0.02
2005,8,10,0.21,-2.38,186.6,31.4,20.2,24.1,44.3,1323.63,-62.74,518.35,50.87,0
2005,8,11,0.51,-4.51,201.4,30.8,20.2,23.1,43.3,2640.52,-11.58,13939.03,53.89,0
2005,8,12,1.79,-5.88,160.6,25.9,18.1,25.1,43.2,3069.5,-6.64,5107.86,48.3,0
2005,8,13,-2.59,-5.43,209.61,34.5,23.7,24.7,48.4,2116.89,-21.48,23437.54,52.03,0.04
2005,8,14,-1.14,-6.42,177.8,32.7,21.3,27.3,48.6,2252.81,-46.39,4230.17,48.58,0.55
2005,8,15,0.67,-5.09,176.2,25.9,19.3,26.3,45.6,1670.85,-62.09,398.72,45.38,0
2005,8,16,-0.03,-5.41,195.21,30.7,20.3,25.1,45.4,2416.6,-20.82,2789.11,46.07,0.01
2005,8,17,1.74,-4.66,185.4,17.7,18.7,23.5,42.2,2575.82,-9.86,3125.37,45.26,0
2005,8,18,0.56,-5.25,173.8,24.5,19.1,26.1,45.2,2182.37,-50.97,462.49,41.89,0
2005,8,19,0.54,-4.99,201.41,32.9,19.9,24.7,44.6,1917.06,-14.38,136.76,48.87,0.02
2005,8,2,5.1,-3.6,120.6,26.1,14.3,24.3,38.6,1981.74,-57.34,880.59,41.89,0
2005,8,20,-2.08,-5.82,229.41,31.2,23,24.5,47.5,2065.49,-7.09,332.88,51.07,0
2005,8,21,0.89,-4.49,192.98,28.7,19.5,23.7,43.2,2048.17,-3.77,1560.42,50.66,0.04
2005,8,22,1.47,-5.16,153.21,24.1,18.5,25.5,44,1918.45,-34.59,5591.08,49.9,0.02
2005,8,23,-0.57,-3.18,211.19,35.6,21.2,23.9,45.1,1009.13,-48.81,279.77,54.93,0.06
2005,8,24,0.02,-2.83,229,36.7,20.9,22.1,43,1342.26,-12.35,1126.88,57.31,0.1
2005,8,25,0.15,-2.44,256.01,33.8,20.2,23.1,43.3,929.92,-8.12,51.74,62.8,0.01
2005,8,26,4.26,1.66,316,28.2,16.2,20.7,36.9,0,-89.22,0,57.3,3.89
2005,8,27,1.69,-4.17,246.79,30,18.6,23.1,41.7,2074.13,-6.84,242.52,52.64,0.73
2005,8,28,-0.45,-5.82,238.19,32.4,20.6,24.3,44.9,2687.94,-1.04,7686.74,58.98,0.19
2005,8,29,0.07,-4.54,234.59,32,20,23.7,43.7,2136.19,-3.21,7808.78,57.04,0.18
2005,8,3,1.24,-5.43,150.81,31.7,18.3,26.3,44.6,2482.84,-34.67,352.81,50.65,0
2005,8,30,0.82,-4.52,187.38,30.3,19.1,24.1,43.2,2149.74,-12.92,462.57,55.74,0
2005,8,31,-1.63,-4.84,214.81,34.5,21.9,24.1,46,2015.97,-11.69,468.62,56.71,0
2005,8,4,-0.06,-2.69,174.39,30.5,20.5,25.3,45.8,733.3,-98.19,2594.4,45.43,0.48
2005,8,5,0.5,-4.03,152.98,28.5,18.5,28.5,47,1022.9,-235.87,83.45,42.46,0.06
2005,8,6,0.58,-1.91,153,30.1,19.1,27.1,46.2,310.2,-257.96,126.47,43.71,0.55
2005,8,7,0.61,-3.07,137.8,30.7,19.3,27.3,46.6,367.66,-211.07,194.62,45.03,1.21
2005,8,8,3.18,-1.2,146.6,30.4,17.1,24.1,41.2,422.44,-143.28,188.35,49.76,0.11
2005,9,1,-0.66,-5.06,191.78,35.4,20.5,25.5,46,2312.71,-13.13,446.28,56.51,0.24
2005,9,10,-0.5,-3.61,191.99,37,21.4,24.1,45.5,892.67,-43.87,38,46.26,0
2005,9,11,-1.11,-3.63,190.2,37.8,21.8,25.3,47.1,744.12,-63.47,39.88,52.06,0.88
2005,9,12,0.73,-1.91,188.31,28.5,20,23.6,43.6,569.3,-53.92,27.32,49.24,2.13
2005,9,13,2.35,1.26,168.4,29.3,17.1,26.1,43.2,0,0,0,43.62,0
2005,9,14,2.48,-0.9,148.03,24.3,16.9,25.9,42.8,172.77,-283.91,28.7,39.71,0
2005,9,15,3.57,0.11,135.61,27.1,15.3,26.3,41.6,54.83,-440.84,11.67,41.12,0
2005,9,16,4.37,-2.55,138.2,27.9,15.3,24.3,39.6,1065.75,-66.68,693.64,47.89,0
2005,9,17,-0.52,-5.15,199.8,32,21,25.1,46.1,1932.58,-15.47,********,47.79,0
2005,9,18,0.24,-5.1,203.39,31.1,20.3,24.9,45.2,1918.33,-17.51,3863.9,45.81,0.02
2005,9,19,11.63,-1.57,59.01,4.1,3.7,24.7,28.4,804.02,-109.37,329.53,33.4,0.08
2005,9,2,-0.87,-3.87,192.01,33.8,21,25.3,46.3,1372.03,-50.67,512.1,53.03,0.01
2005,9,20,1.09,-1.65,310.02,30.5,19.3,23.5,42.8,258.94,-60.95,11.31,60.26,0.37
2005,9,21,2.26,-4.12,229.8,27.3,17.9,23.9,41.8,1859.42,-12.92,248.93,55.92,0.77
2005,9,22,1.51,-5.79,197.6,20.7,18.9,24.9,43.8,2048.96,-1.95,738.75,51.6,0
2005,9,23,0.22,-3.86,219.6,31.1,20.5,23.3,43.8,1414.28,-4.09,370.59,54.32,0.11
2005,9,24,2.76,-3.12,176.4,22.1,17.9,23.9,41.8,477.86,-23.8,86.32,43.2,0
2005,9,25,1.22,-2.94,202.21,21.3,20.1,23.7,43.8,223.64,-6.81,36.09,39.3,0.04
2005,9,26,-0.72,-2.42,201.8,35.7,21.8,24.7,46.5,553.77,-57.59,1920.43,48.33,0.57
2005,9,27,3.64,-5.91,115.21,28.8,16.5,26.5,43,1512.49,-11.64,255.18,47.94,0.28
2005,9,28,-0.12,-6.81,151.4,32.3,20.1,28.1,48.2,1966.21,-26.32,373.27,44.44,3.08
2005,9,29,0.93,-3.68,183.8,34.2,20.2,23.9,44.1,1024.7,-6.74,352.25,50.64,0.04
2005,9,3,0.3,-2.14,180.6,32.5,19.7,25.7,45.4,260.49,-187.44,119.57,51.91,0.42
2005,9,30,0.35,-4.56,181.8,33.5,20.5,24.3,44.8,1357.19,-4.66,1883,55.1,0.65
2005,9,4,-0.39,-2.78,189,36.8,20.8,24.5,45.3,740.94,-65.9,174.74,57.64,0.57
2005,9,5,1.37,-1.74,193.4,33.2,19.6,22.9,42.5,479.71,-38.54,437.56,55.86,0.03
2005,9,6,-1.51,-1.4,237.21,35,22.7,22.7,45.4,250.05,-11.31,93.28,59.24,0.04
2005,9,7,0.92,-2.77,217.2,29.7,19.5,23.1,42.6,1465.73,-29.89,777.92,49.93,0
2005,9,8,-0.45,-3.34,253.39,27.1,20.9,22.9,43.8,1657.04,-4.35,209.3,51.81,0
2005,9,9,0.78,-0.97,215.62,2.1,19.3,24.3,43.6,290.85,-265.56,77.73,38.3,0
