1996,6,27,-0.22,-3.42,176.99,34.0,20.9,24.5,45.4,1097.27,-43.02,2050.11,49.19,1
1996,6,28,1.62,-0.1,204.82,31.8,19.2,23.5,42.7,66.13,-101.43,3.99,49.4,0
1996,6,29,0.8,-3.21,192.18,29.1,20.3,22.5,42.8,1497.7,-3.28,358.72,51.61,1
1996,6,30,-0.7,-2.78,222.58,38.2,21.8,22.3,44.1,1358.08,-16.02,433.12,56.5,0
1996,7,1,3.18,-0.92,184.79,20.8,17.8,20.9,38.7,740.54,-10.11,283.79,44.42,1
1996,7,2,2.81,-2.32,173.59,23.3,17.9,22.5,40.4,1115.06,-41.65,2729.93,43.98,1
1996,7,3,0.2,-3.78,232.99,27.5,21.1,21.5,42.6,2273.78,-0.52,618.67,48.93,1
1996,7,4,0.86,-6.53,172.59,30.7,18.9,26.9,45.8,2335.02,-23.05,400.17,48.98,0
1996,7,5,-3.0,-6.47,256.38,24.0,24.0,24.3,48.3,3093.36,-10.35,53.14,50.15,1
1996,7,6,0.82,-6.52,352.46,23.1,19.1,25.1,44.2,3454.93,-5.36,66.65,53.26,0
1996,7,7,6.04,-7.14,71.38,16.5,11.3,27.3,38.6,3168.85,-0.08,510.98,43.4,0
1996,7,8,4.08,-7.8,117.61,16.1,14.3,27.3,41.6,3450.79,-0.29,3734.86,42.16,0
1996,7,9,-0.02,-7.43,188.2,23.7,20.1,26.1,46.2,3192.27,-15.89,1852.37,46.03,0
1996,7,10,6.28,-1.14,129.61,22.7,12.9,23.9,36.8,263.87,-118.98,35569.52,39.24,0
1996,7,11,-0.77,-3.75,229.79,30.4,21.2,24.5,45.7,648.09,-40.56,3609.74,51.8,0
1996,7,12,3.27,-3.94,177.2,23.3,16.7,23.7,40.4,1754.3,-17.06,1792.58,48.46,1
1996,7,13,-2.3,-5.42,209.19,31.9,23.7,24.3,48.0,1589.86,-8.09,534.16,50.32,1
1996,7,14,-0.49,-4.48,210.6,25.5,21.5,23.7,45.2,1714.09,-12.72,2373.9,43.5,0
1996,7,15,2.31,-4.9,185.62,22.9,18.1,24.1,42.2,2310.29,-4.2,4078.11,47.37,1
1996,7,16,0.63,-4.97,217.38,34.9,19.5,26.5,46.0,1104.24,-60.88,28.67,50.41,0
1996,7,17,0.97,-4.14,230.41,23.0,20.0,23.3,43.3,2191.2,-7.84,2436.32,44.44,0
1996,7,18,3.15,-1.91,222.61,10.6,18.0,21.3,39.3,1679.69,-8.24,578.6,45.22,1
1996,7,19,0.98,-3.33,204.59,13.7,20.3,22.9,43.2,1640.27,-4.87,394.56,40.82,0
1996,7,20,7.24,-2.59,98.39,9.9,12.7,22.7,35.4,1135.17,-23.04,420.98,34.52,0
1996,7,21,6.52,0.25,122.2,15.1,13.5,22.5,36.0,48.8,-198.32,19.49,34.28,0
1996,7,22,1.97,-1.0,189.19,20.7,19.3,22.1,41.4,289.83,-40.99,41.15,42.02,0
1996,7,23,6.54,-1.68,112.01,26.8,12.9,23.9,36.8,431.48,-70.12,121.34,38.95,1
1996,7,24,1.51,-8.79,157.41,26.5,18.3,27.3,45.6,3440.93,-1.61,179.36,44.86,0
1996,7,25,9.07,-4.41,47.01,9.9,5.1,28.1,33.2,2344.9,-7.97,2428.78,32.34,0
1996,7,26,8.87,-3.49,36.99,12.1,6.3,27.3,33.6,739.96,-113.64,130.08,33.81,0
1996,7,27,8.47,-3.18,79.99,3.1,7.3,27.3,34.6,1153.49,-99.96,113.57,32.25,0
1996,7,28,5.59,-5.12,107.22,14.3,13.7,25.7,39.4,2026.32,-0.5,602.1,41.64,0
1996,7,29,4.05,-3.73,152.61,12.7,15.9,24.9,40.8,1736.15,-27.63,1815.12,40.5,0
1996,7,30,-0.05,-5.69,194.79,31.3,20.7,24.9,45.6,2761.85,-3.51,1471.32,53.41,1
1996,7,31,0.12,-5.67,178.01,27.1,20.5,25.1,45.6,2514.22,-4.37,10959.0,49.42,0
1996,8,1,2.19,-4.97,163.19,28.9,18.3,24.3,42.6,2424.83,-1.72,513.41,53.92,1
1996,8,2,-1.39,-6.63,199.78,30.6,22.2,24.7,46.9,2866.94,-0.33,********,53.56,0
1996,8,3,-0.67,-5.94,198.81,30.2,21.2,24.3,45.5,2984.67,-0.87,1586.69,52.13,1
1996,8,4,-0.36,-6.1,188.41,22.9,20.7,25.7,46.4,2209.4,-11.07,4562.54,45.53,0
1996,8,5,-1.01,-6.52,231.22,28.2,21.8,25.1,46.9,2634.11,-3.03,533.83,46.19,0
1996,8,6,-2.78,-5.9,242.4,34.8,23.8,25.1,48.9,2354.13,-6.64,423.1,52.09,1
1996,8,7,-0.5,-4.57,209.61,23.8,21.2,24.5,45.7,1879.31,-14.34,1600.41,43.71,1
1996,8,8,4.19,-6.97,101.78,18.7,14.3,27.3,41.6,2974.12,-4.79,369.27,44.32,0
1996,8,9,0.69,-4.52,203.19,33.3,20.2,23.3,43.5,2675.19,-16.54,169.54,48.77,1
1996,8,10,1.5,-4.43,177.21,32.4,19.3,23.9,43.2,1753.59,-11.33,2148.73,51.66,0
1996,8,11,1.67,-6.25,163.8,25.3,18.9,24.9,43.8,2710.26,-0.56,442.38,49.31,0
1996,8,12,7.21,-3.63,91.19,11.1,11.5,24.5,36.0,1526.83,-36.79,119.99,37.52,0
1996,8,13,5.79,-4.14,83.99,25.5,12.5,26.5,39.0,1409.47,-92.08,578.32,38.87,0
1996,8,14,4.55,-6.95,85.59,19.78,14.1,27.1,41.2,3269.56,-8.22,7757.17,44.69,0
1996,8,15,-2.49,-7.94,221.61,27.2,22.8,26.9,49.7,1177.96,-3.82,118.91,47.0,1
1996,8,16,-0.74,-6.34,180.79,30.3,20.9,26.9,47.8,2605.6,-15.92,740.05,48.45,0
1996,8,17,0.18,-5.0,197.78,31.0,20.6,24.1,44.7,2471.61,-6.16,1457.56,51.64,1
1996,8,18,-0.03,-5.18,262.42,30.2,20.8,24.5,45.3,2237.27,-9.79,751.76,51.93,1
1996,8,19,-0.18,-6.44,310.88,32.1,20.1,26.1,46.2,3225.42,-7.26,140.44,51.65,1
1996,8,20,-1.4,-6.69,214.8,38.1,22.1,25.3,47.4,3087.19,-2.26,378.79,56.68,1
1996,8,21,0.65,-4.54,210.8,32.9,20.1,24.1,44.2,2362.7,-13.19,456.65,50.44,1
1996,8,22,-1.74,-6.16,185.21,31.7,22.7,26.1,48.8,2509.62,-2.06,304.98,42.25,1
1996,8,23,-3.32,-2.57,253.21,34.7,24.9,27.1,52.0,315.58,-108.02,11.95,44.22,1
1996,8,24,1.64,-6.93,111.59,29.9,18.1,28.1,46.2,2709.42,-43.84,144.02,41.69,1
1996,8,25,1.34,-6.67,145.8,30.5,19.1,26.1,45.2,2934.22,-9.4,279.62,47.32,1
1996,8,26,0.61,-5.72,182.6,29.7,19.9,24.9,44.8,2943.72,-3.22,266.47,55.07,0
1996,8,27,-0.12,-5.59,190.01,32.1,21.1,24.1,45.2,2782.8,-0.49,600.89,55.96,1
1996,8,28,3.34,-4.48,140.79,29.5,17.1,24.1,41.2,2197.29,-9.14,3303.34,46.69,1
1996,8,29,4.71,-3.55,144.2,26.1,15.5,23.5,39.0,1912.79,-3.55,7777.39,44.7,0
1996,8,30,3.03,-3.0,174.98,32.4,17.3,23.3,40.6,1747.63,-19.02,496.48,51.52,0
1996,8,31,-0.37,-3.45,213.19,34.2,21.1,23.1,44.2,1652.17,-29.1,328.17,49.56,0
1996,9,1,0.87,-6.33,160.18,24.7,19.1,26.1,45.2,2240.56,-15.37,2964.88,49.08,0
1996,9,2,-1.26,-4.16,198.39,30.2,21.4,25.5,46.9,1232.72,-49.65,11469.12,49.63,0
1996,9,3,2.58,-4.46,175.21,18.1,17.5,23.5,41.0,2445.14,-1.12,480.37,47.06,1
1996,9,4,1.87,-4.45,192.42,21.7,18.1,25.1,43.2,1537.73,-29.98,228.87,40.86,1
1996,9,5,1.95,-3.04,181.4,17.5,18.3,24.3,42.6,932.45,-56.46,1534.96,37.81,1
1996,9,6,3.71,-3.78,158.9,25.5,16.7,22.7,39.4,1568.76,-8.62,1068.9,40.88,0
1996,9,7,0.18,-5.58,193.0,28.9,20.7,23.9,44.6,2243.06,-0.42,366.96,47.15,1
1996,9,8,0.36,-3.46,196.98,31.6,20.6,24.1,44.7,1363.02,-32.87,582.48,51.36,0
1996,9,9,-1.99,-3.06,231.21,38.9,23.0,23.9,46.9,1334.82,-0.93,94.34,58.19,1
1996,9,10,0.91,-3.95,195.39,31.9,18.7,26.7,45.4,1207.17,-120.57,31.16,53.09,1
1996,9,11,-0.9,-6.02,214.59,20.2,21.6,24.9,46.5,2615.23,-8.29,616.56,44.05,0
1996,9,12,0.02,-3.98,231.41,30.0,21.0,22.3,43.3,2574.93,-1.92,186.7,47.06,1
1996,9,13,4.9,-2.0,159.01,8.7,15.7,22.7,38.4,1145.13,-30.67,137.16,34.29,1
1996,9,15,3.52,-5.63,141.2,27.1,16.5,25.5,42.0,1351.99,-27.01,148.98,39.16,0
1996,9,16,-0.07,-2.74,229.79,37.6,20.8,22.5,43.3,1212.33,-13.81,3272.33,54.16,1
1996,9,17,3.06,-3.51,172.81,27.5,17.1,23.1,40.2,2017.89,-18.23,302.16,52.53,1
1996,9,18,0.62,-4.36,196.18,31.9,19.9,23.3,43.2,2218.74,-5.84,1686.6,52.32,1
1996,9,19,3.91,-4.38,171.01,24.3,16.3,23.3,39.6,2188.88,-5.16,473.22,44.91,0
1996,9,20,0.95,-3.58,179.4,12.5,19.3,25.3,44.6,762.78,-86.53,548.47,39.97,1
1996,9,21,1.78,-5.04,183.8,30.3,18.9,23.9,42.8,2020.5,-10.37,307.89,47.11,1
1996,9,22,1.16,-4.7,203.19,29.9,18.3,26.3,44.6,1532.83,-67.12,90.64,48.78,1
1996,9,23,-0.6,-4.38,207.61,33.8,21.4,24.5,45.9,1909.34,-9.42,91.31,49.41,0
1996,9,24,0.52,-3.52,172.58,17.5,21.3,24.3,45.6,1341.89,-5.34,48.66,36.6,0
1996,9,26,1.45,-3.19,202.42,15.3,19.7,23.1,42.8,1379.84,-5.78,2800.95,42.22,0
1996,9,27,5.05,-0.32,152.01,10.1,16.1,22.1,38.2,98.28,-34.94,21.51,31.81,0
1996,9,28,2.47,-2.64,198.41,25.4,18.6,21.7,40.3,1526.1,-4.38,236.63,42.45,1
1996,9,29,2.16,-5.22,198.39,28.7,18.5,24.5,43.0,1996.02,-3.59,1539.56,45.52,0
1996,9,30,0.59,-3.67,234.61,31.8,21.0,22.5,43.5,1708.1,-4.21,5635.63,53.01,0
1996,10,1,2.07,-3.49,201.61,24.1,18.7,22.3,41.0,1808.6,-0.71,191.68,48.06,1
1996,10,2,1.1,-2.46,205.8,19.9,19.9,22.5,42.4,714.86,-8.63,373.51,46.22,1
1996,10,3,0.78,-3.51,176.81,14.3,19.9,24.9,44.8,670.64,-37.34,98.57,42.95,0
1996,10,4,-0.2,-2.33,198.41,37.3,21.4,23.3,44.7,584.26,-29.48,65.87,54.25,1
1996,10,5,1.3,-1.17,196.2,34.8,20.1,21.7,41.8,541.12,-11.36,527.52,53.39,0
1996,10,6,1.4,-1.58,208.81,29.3,19.9,21.9,41.8,621.69,-4.17,193.25,55.21,1
1996,10,7,0.92,-2.87,235.16,35.3,20.0,21.9,41.9,1368.41,-1.71,72.29,56.74,1
1996,10,8,3.24,-4.09,332.27,28.7,16.5,23.5,40.0,1828.11,-0.71,58.71,48.91,1
1996,10,9,2.01,0.02,250.62,31.1,18.9,21.3,40.2,54.04,-2.44,0.52,51.23,1
1996,10,10,5.73,3.9,136.79,22.9,15.5,22.5,38.0,0.0,0.0,0.0,42.09,0
1996,10,12,0.49,-0.71,214.02,23.4,21.6,22.9,44.5,108.63,-17.55,5.36,40.66,1
1996,10,13,0.0,-2.6,212.41,34.6,21.6,22.7,44.3,1217.42,-5.23,257.45,56.43,0
1996,10,14,5.95,-0.58,142.8,29.5,14.5,23.5,38.0,326.33,-58.23,40.24,46.16,1
1996,10,15,-0.71,-2.96,205.0,36.8,22.3,24.1,46.4,556.87,-14.99,17.76,51.7,1
1996,10,16,0.29,-3.67,208.41,32.6,21.1,23.1,44.2,622.63,-2.66,129.2,48.2,1
1996,10,17,0.11,-2.69,229.41,34.6,20.9,22.7,43.6,938.36,-5.72,262.48,60.91,1
1996,10,18,1.38,-3.16,195.61,32.1,19.1,23.3,42.4,1414.68,-16.99,171.49,55.61,1
1996,10,19,9.49,0.21,74.6,-0.7,7.3,25.3,32.6,66.15,-134.43,5.9,27.21,1
1996,10,20,15.04,7.66,39.01,-10.7,-2.5,23.5,21.0,0.0,0.0,0.0,22.38,0
1996,10,21,8.01,6.57,168.58,4.8,15.2,16.5,31.7,0.6,-41.01,0.03,30.25,0
1996,10,22,13.01,5.11,46.0,-0.3,7.3,20.3,27.6,0.0,0.0,0.0,25.91,0
1996,10,23,7.62,3.32,156.82,6.5,14.7,19.1,33.8,12.8,-31.24,0.68,31.37,0
1996,10,24,12.76,2.65,34.39,-3.1,6.7,20.7,27.4,0.0,0.0,0.0,25.83,0
1996,10,25,8.24,1.17,142.19,1.9,13.3,20.3,33.6,16.92,-32.75,2.26,30.23,0
1996,10,26,8.56,0.76,131.61,2.3,13.5,19.5,33.0,21.64,-5.86,2.38,30.25,0
1996,10,27,4.09,0.38,215.02,17.4,18.4,19.9,38.3,30.75,-4.67,19.48,36.39,0
1996,10,28,8.01,3.12,140.4,22.5,13.3,20.3,33.6,8.62,-160.88,0.46,34.71,0
1996,10,29,7.98,2.9,135.62,15.7,12.9,20.9,33.8,8.58,-75.82,0.91,32.85,0
1996,10,30,3.2,1.83,197.78,6.0,18.6,19.1,37.7,95.57,-5.16,162.24,40.74,0
1996,10,31,4.2,-0.56,173.59,18.7,17.7,20.9,38.6,390.71,-4.31,79.54,35.89,0
1996,11,1,7.51,0.99,97.59,6.1,12.3,23.3,35.6,0.0,0.0,0.0,29.91,0
1996,11,2,0.39,-3.4,209.6,22.4,20.8,23.1,43.9,1395.24,-3.01,76.59,40.91,0
1996,11,3,5.25,0.67,131.19,3.5,15.9,22.9,38.8,20.29,-2.35,0.74,27.84,0
1996,11,4,2.6,1.93,175.38,8.8,20.0,21.1,41.1,0.0,0.0,0.0,29.65,0
1996,11,5,2.06,-2.79,193.0,26.1,19.7,22.1,41.8,1629.88,-2.58,216.92,42.85,1
1996,11,6,2.2,-2.87,186.4,24.1,19.3,22.9,42.2,1254.14,-1.69,877.85,39.84,0
1996,11,7,3.73,-2.68,165.62,12.3,17.5,23.5,41.0,710.16,-14.3,6442.62,34.51,0
1996,11,8,4.03,-4.08,117.4,5.9,16.7,24.7,41.4,1067.33,-2.3,641.16,32.59,0
1996,11,9,-0.7,17.93,220.05,10.4,23.0,23.9,46.9,0.0,0.0,0.0,24.24,1
1996,11,10,17.69,14.97,29.0,-15.5,-2.3,19.7,17.4,0.0,0.0,0.0,16.42,0
1996,11,11,7.78,19.31,125.79,6.5,16.7,19.1,35.8,0.0,0.0,0.0,15.07,0
1996,11,12,12.88,8.34,56.02,-4.1,8.9,19.9,28.8,0.0,0.0,0.0,20.32,0
1996,11,13,5.5,2.41,150.8,8.0,18.8,21.1,39.9,9.15,-12.03,0.27,26.55,0
1996,11,14,1.04,2.39,224.39,11.9,22.1,22.7,44.8,0.0,0.0,0.0,37.51,1
1996,11,15,0.53,0.73,226.81,26.5,22.5,23.1,45.6,0.0,0.0,0.0,41.3,1
1996,11,16,3.35,3.34,223.61,22.2,20.2,20.9,41.1,0.0,0.0,0.0,35.6,1
1996,11,17,8.53,6.55,139.81,24.4,13.7,19.7,33.4,0.0,0.0,0.0,31.33,0
1996,11,18,6.6,4.98,159.62,2.1,17.7,19.3,37.0,17.7,-30.46,1.5,26.44,1
1996,11,19,6.83,3.57,143.6,1.8,17.4,19.5,36.9,32.01,-23.85,3.0,27.62,1
1996,11,20,9.42,6.34,106.41,14.5,13.3,19.3,32.6,0.0,0.0,0.0,29.18,0
1996,11,21,7.8,6.82,126.38,4.1,13.9,20.9,34.8,0.0,0.0,0.0,27.27,0
1996,11,22,7.31,2.17,156.62,13.5,13.7,22.7,36.4,0.0,0.0,0.0,32.0,0
1996,11,23,6.37,6.54,153.78,3.6,17.8,18.7,36.5,0.0,0.0,0.0,25.66,0
1996,11,24,5.32,4.41,136.6,2.8,19.8,20.5,40.3,2.01,-19.81,0.38,21.63,0
1996,11,25,3.97,-0.31,155.58,7.5,19.1,22.7,41.8,30.26,-14.94,0.96,29.51,0
1996,11,26,5.76,-0.63,127.58,21.7,14.9,23.9,38.8,68.74,-78.37,2.35,37.01,0
1996,11,27,17.52,15.5,-1.0,-22.7,-7.9,22.1,14.2,0.0,0.0,-1.0,14.18,0
1996,11,28,8.21,7.25,155.6,0.2,16.4,17.9,34.3,4.41,-31.5,0.27,25.72,0
1996,11,29,8.72,7.04,156.62,0.4,16.0,18.1,34.1,7.66,-26.83,0.29,25.67,0
1996,11,30,6.57,5.22,151.81,3.6,17.0,19.7,36.7,0.0,0.0,0.0,28.87,0
1996,12,1,5.52,3.52,175.22,5.9,18.1,19.3,37.4,3.3,-11.6,0.09,29.82,0
1996,12,2,-0.55,-3.47,200.21,37.3,22.0,24.9,46.9,1048.63,-24.56,38.13,49.69,0
1996,12,3,1.94,0.39,175.19,21.8,20.2,22.7,42.9,20.43,-94.77,1.19,33.75,1
1996,12,4,4.55,2.84,165.98,0.2,18.6,20.7,39.3,1.28,-65.63,0.09,27.41,0
1996,12,5,12.33,4.21,42.0,-3.9,5.7,22.7,28.4,0.0,0.0,0.0,29.51,0
1996,12,6,4.78,0.63,195.82,24.0,18.4,20.1,38.5,143.39,-0.75,9.59,38.68,1
1996,12,8,0.11,-1.02,237.01,35.7,22.0,25.9,47.9,69.62,-99.05,1.32,37.63,1
1996,12,9,15.35,17.91,102.02,-16.1,-2.9,23.1,20.2,0.0,0.0,0.0,9.65,0
1996,12,10,16.64,20.85,41.65,-15.9,-2.7,21.3,18.6,0.0,0.0,0.0,13.67,0
1996,12,11,14.1,5.19,39.01,-10.5,1.9,22.9,24.8,2.37,-23.74,1.76,21.34,0
1996,12,12,3.1,0.54,134.2,6.5,21.3,22.9,44.2,24.58,-18.11,4.2,25.01,0
1996,12,13,0.5,-3.22,132.41,10.0,22.8,25.3,48.1,752.76,-9.75,715.61,30.29,1
1996,12,14,4.57,0.09,112.76,6.0,18.8,23.7,42.5,91.62,-10.86,12.03,24.54,1
1996,12,15,11.79,2.58,46.02,-1.5,6.1,24.1,30.2,2.57,-27.17,2.35,21.72,0
1996,12,16,8.55,5.14,69.59,1.3,15.5,21.5,37.0,0.03,-47.6,0.01,19.5,0
1996,12,17,7.77,7.28,126.39,2.2,17.4,18.5,35.9,0.0,0.0,0.0,22.32,0
1996,12,18,6.03,4.72,161.6,2.3,18.9,19.5,38.4,12.94,-34.64,0.72,23.17,0
1996,12,19,9.35,3.34,161.6,2.7,12.9,19.9,32.8,1.21,-23.84,0.04,27.6,0
1996,12,20,14.03,23.52,66.01,12.0,-0.1,23.9,23.8,0.0,0.0,0.0,28.99,1
1996,12,21,4.71,6.38,177.38,24.9,20.2,20.9,41.1,0.0,0.0,0.0,36.6,0
1996,12,22,8.97,4.25,94.99,0.3,15.3,20.3,35.6,7.95,-13.68,0.19,22.31,1
1996,12,23,5.78,6.97,145.81,1.5,19.1,20.1,39.2,0.0,0.0,0.0,22.8,0
1996,12,24,7.64,2.43,110.61,2.1,16.3,21.3,37.6,9.12,-29.7,0.43,22.7,0
1996,12,25,6.83,9.7,121.59,6.8,17.4,19.5,36.9,0.0,0.0,0.0,23.35,0
1996,12,26,2.36,1.19,169.18,25.6,20.4,23.5,43.9,10.27,-287.74,0.32,33.11,0
1996,12,27,-0.57,-3.68,181.59,10.6,23.6,24.3,47.9,1497.85,-1.25,179.62,37.27,1
1996,12,28,4.53,-1.3,120.81,14.1,17.7,23.7,41.4,364.55,-11.07,150.71,29.2,0
1996,12,29,8.63,-1.55,49.0,2.3,11.3,24.3,35.6,534.37,-7.45,203.99,31.21,0
1996,12,30,0.9,-1.99,172.79,13.2,22.0,23.3,45.3,775.49,-7.81,232.72,33.43,0
1996,12,31,8.43,-1.44,42.6,2.7,10.9,24.9,35.8,518.39,-2.42,231.97,30.86,0
1997,1,1,-0.33,-3.39,165.21,21.9,23.9,24.3,48.2,936.98,-4.13,590.98,32.38,0
1997,1,2,2.32,-1.07,147.0,22.4,20.6,23.9,44.5,310.83,-23.37,31.8,33.72,0
1997,1,3,10.26,-0.01,22.01,-0.9,9.3,23.3,32.6,220.49,-16.89,30.19,29.93,0
1997,1,4,9.03,0.47,38.98,2.9,10.9,23.9,34.8,5.38,-65.94,5.08,25.33,0
1997,1,5,11.29,1.99,28.98,0.3,7.9,22.9,30.8,0.0,0.0,0.0,25.85,0
1997,1,6,6.21,-0.49,105.38,8.3,16.1,22.1,38.2,286.42,-3.56,26.99,29.7,0
1997,1,7,4.35,-1.08,145.6,12.2,18.4,22.9,41.3,617.29,-2.31,25.44,29.62,0
1997,1,8,0.79,-2.72,213.72,16.76,20.76,28.76,49.52,436.21,-561.55,302.68,23.87,0
1997,1,9,2.71,-0.39,302.55,12.0,20.6,21.9,42.5,71.5,-27.23,3.44,30.13,0
1997,1,10,1.77,8.91,241.18,34.4,20.4,23.7,44.1,0.0,0.0,0.0,41.89,1
1997,1,11,2.92,9.96,242.9,27.8,21.9,22.5,44.4,0.0,0.0,0.0,32.94,1
1997,1,12,0.81,-0.15,159.98,33.4,23.2,25.5,48.7,48.56,-64.16,0.7,33.66,0
1997,1,14,5.03,5.42,159.79,28.4,20.1,20.7,40.8,0.0,0.0,0.0,38.58,1
1997,1,15,2.68,1.26,185.21,27.1,21.7,22.5,44.2,20.0,-7.53,0.29,34.35,1
1997,1,16,0.02,-2.36,218.41,24.3,22.5,25.1,47.6,595.17,-10.3,12.05,34.28,1
1997,1,17,15.54,19.94,84.98,-6.5,2.5,20.5,23.0,0.0,0.0,0.0,15.24,0
1997,1,18,21.36,28.54,114.01,-9.9,-6.7,16.3,9.6,0.0,0.0,0.0,11.79,0
1997,1,19,19.68,27.52,90.02,-15.1,-3.5,17.5,14.0,0.0,0.0,0.0,10.51,0
1997,1,20,16.71,16.15,43.98,-8.7,3.7,18.7,22.4,0.0,0.0,0.0,14.98,0
1997,1,21,12.86,9.45,23.0,-3.7,2.5,24.5,27.0,0.0,0.0,0.0,19.63,0
1997,1,22,3.91,0.96,125.01,13.4,22.0,22.9,44.9,15.62,-15.0,0.84,24.98,0
1997,1,23,7.8,-0.2,44.58,10.3,13.5,24.5,38.0,141.22,-223.47,12.23,25.34,0
1997,1,24,2.45,-2.19,155.79,16.7,21.3,23.3,44.6,770.11,-2.57,33.11,29.18,0
1997,1,25,0.69,-4.07,134.0,25.7,21.7,27.7,49.4,1102.39,-28.81,48.04,34.7,0
1997,1,26,5.86,4.43,94.42,6.9,15.7,24.7,40.4,0.0,0.0,0.0,24.04,0
1997,1,27,8.3,1.57,76.58,4.5,14.7,21.7,36.4,87.12,-23.94,13.25,25.39,0
1997,1,28,2.42,-2.52,122.2,10.7,20.7,25.1,45.8,571.39,-2.83,110.9,27.53,0
1997,1,29,2.35,-2.9,150.42,17.7,21.5,23.5,45.0,720.24,-5.38,121.93,30.02,0
1997,1,30,0.92,-1.51,172.99,30.1,22.5,23.7,46.2,592.91,-21.56,57.24,38.54,0
1997,1,31,15.11,11.12,57.01,-16.7,-1.9,23.1,21.2,1.45,-0.93,0.04,14.22,0
1997,2,1,14.04,10.84,26.98,-7.5,1.3,23.3,24.6,0.0,0.0,0.0,15.14,0
1997,2,2,13.15,10.32,18.01,-2.1,4.1,23.1,27.2,0.0,0.0,0.0,18.53,0
1997,2,3,12.89,5.43,32.03,-5.39,6.09,22.39,28.48,0.0,0.0,0.0,21.1,0
1997,2,4,2.81,-0.05,156.61,11.7,20.5,22.9,43.4,119.65,-9.0,5.93,33.04,0
1997,2,5,-1.61,-5.36,214.19,34.4,24.8,26.3,51.1,1353.39,-4.35,73.89,39.64,0
1997,2,6,4.78,-2.08,96.39,24.9,16.7,24.7,41.4,1116.11,-2.15,92.18,34.02,0
1997,2,7,5.11,-1.94,129.38,19.5,17.5,22.3,39.8,1407.31,-0.21,70.51,34.7,0
1997,2,8,5.92,-2.55,118.59,18.5,15.7,23.7,39.4,1166.8,-0.97,101.67,32.91,0
1997,2,9,0.98,-0.01,191.18,31.0,21.6,23.3,44.9,194.5,0.0,13.04,38.97,0
1997,2,10,2.21,-0.34,151.41,27.3,19.1,26.1,45.2,57.77,-161.98,3.67,38.4,0
1997,2,11,5.61,10.28,114.01,23.7,15.7,25.7,41.4,0.0,0.0,0.0,25.28,0
1997,2,12,11.86,7.04,51.01,-2.9,7.7,22.7,30.4,0.0,0.0,0.0,22.0,0
1997,2,14,4.85,-0.92,330.31,9.5,17.5,20.9,38.4,1009.58,-0.85,129.46,34.54,0
1997,2,15,-0.52,-3.71,224.4,32.9,22.2,24.1,46.3,1628.94,-16.06,65.03,43.39,0
1997,2,16,-1.13,-1.27,204.78,32.0,23.2,25.1,48.3,191.86,-53.7,6.6,40.41,1
1997,2,17,-0.76,0.36,197.81,36.0,24.0,24.7,48.7,2.72,-98.25,0.12,40.3,1
1997,2,18,-1.54,-2.2,233.4,35.8,25.0,25.5,50.5,328.28,-3.64,12.1,42.57,0
1997,2,19,3.45,0.73,200.02,13.2,20.0,20.7,40.7,224.88,-5.63,99.03,34.75,1
1997,2,20,6.24,2.38,167.62,10.0,17.6,18.7,36.3,43.56,-9.15,7.65,32.08,0
1997,2,21,9.97,3.67,166.41,3.1,13.5,16.9,30.4,49.58,-5.16,4.89,28.45,0
1997,2,22,8.73,1.3,138.8,3.9,13.5,19.5,33.0,277.38,-6.7,18.83,31.8,1
1997,2,25,8.79,2.2,106.78,12.1,12.7,21.7,34.4,21.45,-36.96,1.3,31.7,1
1997,2,26,9.26,3.02,92.4,9.5,12.3,21.3,33.6,4.19,-13.17,0.75,29.54,0
1997,2,27,7.31,0.5,257.85,5.5,13.7,22.7,36.4,332.68,-3.37,14.28,33.39,0
1997,2,28,10.71,3.15,63.0,0.7,8.7,21.7,30.4,37.79,-106.63,1.46,27.75,0
1997,3,1,14.22,5.66,88.21,-0.5,6.9,16.9,23.8,18.26,-8.12,7.48,31.3,1
1997,3,3,6.98,2.84,168.61,6.6,15.0,19.3,34.3,2.25,-4.35,0.11,31.56,0
1997,3,5,16.18,4.58,46.99,-4.9,-1.1,20.9,19.8,5.69,-9.94,5.73,28.41,0
1997,3,6,8.44,4.68,173.19,6.3,14.9,15.7,30.6,97.11,-6.05,11.9,33.19,0
1997,3,7,5.42,3.39,194.21,7.6,17.6,18.5,36.1,59.26,-10.23,5.19,37.13,1
1997,3,8,13.61,3.59,44.0,-6.7,3.9,21.9,25.8,13.94,-51.03,0.45,25.59,1
1997,3,9,3.34,0.47,199.01,8.5,19.9,20.5,40.4,153.43,-9.97,11.49,36.21,0
1997,3,10,7.05,3.57,119.21,7.3,15.7,20.7,36.4,13.06,-71.46,0.5,28.38,0
1997,3,11,4.84,-1.41,124.18,7.9,17.3,23.3,40.6,502.5,-2.46,34.14,33.06,1
1997,3,12,4.55,5.94,139.79,9.1,18.1,22.7,40.8,0.0,0.0,0.0,26.93,1
1997,3,13,4.4,1.11,173.0,25.1,18.7,22.1,40.8,15.55,-5.96,7.38,31.1,0
1997,3,15,11.21,2.47,58.99,0.7,7.9,22.9,30.8,0.0,0.0,0.0,22.62,1
1997,3,17,7.45,4.3,135.2,10.9,16.5,20.3,36.8,0.0,-22.88,0.0,27.18,1
1997,3,18,3.91,3.35,146.82,10.3,21.1,21.9,43.0,0.0,0.0,0.0,26.93,0
1997,3,19,6.09,2.81,127.38,15.2,16.8,21.5,38.3,2.22,-12.89,0.07,30.89,0
1997,3,20,7.05,2.62,111.79,17.5,14.1,23.1,37.2,0.0,0.0,0.0,30.9,0
1997,3,21,-1.62,-3.98,311.96,38.2,23.6,25.3,48.9,1394.67,-1.22,21.32,45.74,1
1997,3,22,9.87,7.41,133.6,0.3,11.5,21.5,33.0,0.0,0.0,0.0,22.07,1
1997,3,23,10.82,2.85,69.99,1.7,5.5,25.5,31.0,0.0,0.0,0.0,22.22,0
1997,3,24,5.22,-2.85,63.6,21.3,14.5,27.5,42.0,736.55,-85.44,32.33,32.61,0
1997,3,25,3.84,1.37,175.62,23.8,19.6,20.5,40.1,261.12,-7.71,45.55,36.82,0
1997,3,26,5.39,-1.68,142.38,24.3,17.1,22.1,39.2,1072.56,-0.86,25.46,35.4,0
1997,3,27,3.2,-0.3,191.2,14.0,19.6,20.9,40.5,604.64,-8.23,53.0,34.57,1
1997,3,28,1.37,-2.98,180.6,15.2,21.0,22.9,43.9,1284.6,-14.34,67.85,36.17,0
1997,3,29,1.57,-0.92,182.78,17.3,20.3,23.9,44.2,395.92,-234.62,328.93,35.36,0
1997,3,30,2.18,-1.46,155.39,12.5,19.3,25.3,44.6,344.42,-83.09,19.1,32.4,0
1997,3,31,4.35,-0.72,200.61,19.1,17.3,23.3,40.6,402.24,-90.11,11.24,33.22,0
1997,4,3,11.05,6.87,107.79,18.2,13.6,18.1,31.7,24.93,-14.57,0.8,24.82,0
1997,4,4,11.32,7.38,99.22,-2.7,12.7,17.7,30.4,0.19,-29.55,0.0,24.83,0
1997,4,5,9.13,6.52,114.01,1.6,14.6,18.1,32.7,0.0,0.0,0.0,28.49,0
1997,4,6,6.75,2.93,122.98,5.6,16.4,20.1,36.5,1.91,-11.05,0.12,29.14,0
1997,4,7,4.25,4.59,170.99,19.0,18.2,21.5,39.7,0.0,0.0,0.0,35.5,0
1997,4,8,3.44,4.51,195.6,24.7,19.5,19.9,39.4,0.0,-108.36,0.0,35.58,0
1997,4,9,4.71,2.57,175.01,13.5,17.9,20.5,38.4,29.37,-14.96,1.32,35.16,0
1997,4,11,6.46,-0.6,235.49,27.6,15.3,24.3,39.6,49.58,-16.84,1.82,39.38,1
1997,4,12,1.6,-3.38,320.9,30.8,20.8,23.7,44.5,1105.64,0.0,15.54,49.99,1
1997,4,13,-1.0,-1.0,-1.0,-1.0,-1.0,-1.0,-1.0,-1.0,-1.0,-1.0,-1.0,1
1997,4,14,3.25,-2.92,169.01,24.9,17.9,23.9,41.8,1170.32,-11.64,53.22,48.28,0
1997,4,15,-0.63,-4.32,321.25,33.6,21.6,24.9,46.5,2058.6,-0.02,42.82,55.77,1
1997,4,16,0.32,-0.07,203.2,35.2,22.5,23.3,45.8,2.48,-154.59,0.02,43.16,1
1997,4,17,1.92,-0.85,226.2,23.3,20.9,21.7,42.6,551.28,-13.72,9.01,40.8,1
1997,4,19,14.21,16.66,86.98,-12.7,-1.7,24.3,22.6,0.0,0.0,0.0,10.92,0
1997,4,21,8.89,3.19,118.01,17.1,12.1,22.1,34.2,32.21,-106.67,0.54,26.26,0
1997,4,22,-0.83,-2.92,238.19,14.7,22.5,27.1,49.6,296.06,-105.94,5.55,33.45,1
1997,4,23,0.7,-6.79,312.68,17.9,19.9,26.9,46.8,2025.43,-12.75,47.37,34.95,0
1997,4,24,-3.0,7.62,369.17,26.6,24.4,25.7,50.1,0.0,0.0,0.0,31.94,1
1997,4,26,-2.05,-6.96,222.59,31.0,23.0,26.7,49.7,2419.85,0.0,79.72,47.34,0
1997,4,28,2.74,-3.04,362.17,20.0,18.2,23.1,41.3,589.91,-5.15,11.19,39.19,0
1997,4,29,3.84,-1.81,238.19,31.6,17.5,21.9,39.4,879.58,0.0,14.59,41.2,1
1997,4,30,5.24,5.31,156.61,5.9,14.7,24.7,39.4,0.0,0.0,0.0,26.02,0
1997,5,1,-0.81,-0.95,220.19,15.4,22.2,24.3,46.5,110.48,-86.2,5.39,42.73,0
1997,5,2,0.07,-4.9,187.0,14.4,21.4,23.9,45.3,1781.94,-4.87,263.15,42.68,0
1997,5,3,1.03,-5.83,178.01,28.3,19.3,25.3,44.6,2748.64,-8.43,153.42,42.84,0
1997,5,4,5.13,-3.77,129.99,10.1,15.1,24.1,39.2,1697.42,-5.97,174.19,39.1,0
1997,5,5,1.87,4.4,185.39,16.1,21.1,22.9,44.0,0.0,0.0,0.0,28.1,1
1997,5,6,5.86,5.12,147.81,4.4,19.2,19.5,38.7,0.46,-33.17,0.32,26.99,0
1997,5,7,9.92,-0.8,37.0,9.7,6.5,26.5,33.0,53.26,-11.94,19.51,26.28,0
1997,5,8,8.79,2.2,43.59,4.7,9.9,24.9,34.8,0.0,0.0,0.0,25.28,0
1997,5,9,9.14,0.22,45.99,10.9,9.9,23.9,33.8,108.94,-170.41,11.56,29.49,0
1997,5,10,3.23,-1.24,181.01,20.2,19.2,21.7,40.9,488.07,-20.71,50.15,31.23,0
1997,5,11,0.51,-4.35,175.18,19.1,21.7,24.5,46.2,1205.86,-10.59,66.8,40.1,0
1997,5,12,2.31,-3.78,186.59,30.5,19.0,23.7,42.7,1027.87,-3.74,22.45,48.07,1
1997,5,13,1.18,-2.04,348.56,36.3,19.8,22.9,42.7,1263.35,-17.77,95.7,45.25,1
1997,5,14,0.53,1.21,220.2,24.7,21.1,24.1,45.2,0.0,0.0,0.0,38.04,0
1997,5,16,-0.23,0.71,207.18,26.7,21.7,24.1,45.8,7.06,-264.81,0.31,45.71,0
1997,5,17,0.45,-5.43,192.18,33.2,21.0,23.9,44.9,2634.33,-0.3,164.17,53.84,1
1997,5,18,2.23,-1.28,186.59,29.5,18.7,23.7,42.4,529.22,-51.93,40.68,50.7,1
1997,5,19,0.65,-3.72,198.8,30.3,20.3,23.9,44.2,1466.02,-4.43,114.11,47.58,0
1997,5,20,1.04,-4.9,182.2,27.8,20.0,23.7,43.7,2585.35,-0.29,650.51,47.52,0
1997,5,21,0.44,-4.86,187.4,26.1,19.9,24.9,44.8,2400.7,0.0,1260.2,46.99,0
1997,5,22,0.38,-3.08,195.8,30.6,20.6,23.7,44.3,1571.59,-32.63,133.21,41.61,0
1997,5,23,0.57,-5.05,197.38,32.4,20.4,23.7,44.1,2884.97,-0.13,169.3,46.83,1
1997,5,24,0.81,-1.16,208.81,30.1,21.3,21.7,43.0,619.12,-6.3,21.04,43.59,1
1997,5,25,4.08,-0.17,127.21,16.1,16.5,24.5,41.0,147.49,-7.98,8.41,35.65,0
1997,5,26,-0.68,-5.57,160.58,25.3,21.5,27.5,49.0,926.66,-1.15,41.0,40.84,0
1997,5,27,0.97,-2.82,172.39,20.7,20.1,24.5,44.6,998.25,-53.15,561.09,39.13,0
1997,5,28,-0.8,-3.62,198.81,32.7,21.9,24.3,46.2,1821.13,-36.13,44.66,44.85,1
1997,5,29,0.4,-2.1,183.99,32.5,21.8,22.9,44.7,754.89,-5.17,100.85,48.68,1
1997,5,30,0.49,-2.4,173.37,29.6,21.4,22.9,44.3,700.12,-5.05,229.63,45.3,0
1997,5,31,0.64,-4.04,175.41,27.8,20.6,25.1,45.7,1153.72,-26.49,81.2,44.9,0
1997,6,2,1.19,1.4,205.19,35.2,19.3,25.3,44.6,13.53,-248.09,0.69,47.96,1
1997,6,3,0.3,-2.86,232.61,31.1,21.3,22.3,43.6,1558.22,-10.92,37.05,44.82,1
1997,6,4,3.55,2.05,296.32,11.9,17.7,22.1,39.8,0.09,-89.55,0.0,36.61,1
1997,6,5,-2.9,-4.02,230.82,37.9,24.2,24.7,48.9,1097.08,-17.75,73.54,44.73,1
1997,6,6,1.72,3.12,232.51,23.9,19.1,25.1,44.2,0.0,0.0,0.0,29.76,0
1997,6,7,5.66,1.49,161.39,9.9,14.7,22.7,37.4,70.74,-530.37,6.04,33.1,0
1997,6,8,-0.61,-2.52,221.19,33.3,22.0,22.1,44.1,1331.95,-2.29,54.75,54.56,1
1997,6,11,-2.68,-4.08,268.21,33.0,23.4,23.9,47.3,1535.08,-14.84,201.11,51.99,1
1997,6,12,1.9,-7.34,180.6,21.5,17.7,26.7,44.4,3114.45,0.0,225.49,49.38,1
1997,6,13,-4.6,-7.73,383.05,42.9,25.3,25.3,50.6,3466.24,0.0,174.1,69.05,1
1997,6,14,-1.42,-6.78,209.41,40.1,21.6,26.5,48.1,2341.91,-25.56,337.82,46.39,0
1997,6,15,-1.51,-2.82,229.01,35.1,21.9,26.1,48.0,808.83,-141.28,43.03,45.27,1
1997,6,16,-0.9,-5.73,228.99,24.5,22.3,22.5,44.8,3136.98,0.0,592.86,47.14,1
1997,6,17,3.43,-3.34,166.98,21.9,16.9,22.9,39.8,2288.01,-15.6,365.92,44.37,1
1997,6,20,0.73,-0.57,167.2,28.7,19.1,27.1,46.2,242.84,-290.21,47.87,41.07,1
1997,6,21,2.53,-6.61,134.01,27.9,17.9,25.9,43.8,2978.97,-2.45,4657.66,43.57,1
1997,6,22,0.36,-7.1,165.4,34.8,20.3,26.3,46.6,3213.36,-1.69,463.88,50.58,0
1997,6,23,0.26,-5.36,175.0,32.5,20.9,25.3,46.2,1944.54,-15.26,137.83,50.68,1
1997,6,24,-1.02,-6.63,206.8,34.6,22.2,24.9,47.1,3080.12,-0.8,324.37,51.53,1
1997,6,25,-1.03,-6.78,198.18,25.9,22.1,25.3,47.4,2981.33,-0.9,1779.55,47.78,1
1997,6,27,4.71,-5.77,111.21,21.7,15.1,25.1,40.2,2569.39,-2.89,4247.8,39.57,0
1997,6,28,-1.01,-5.48,187.61,29.8,22.2,24.5,46.7,2202.62,-4.11,622.35,43.8,0
1997,6,29,-0.03,-6.69,170.39,24.9,20.9,25.7,46.6,2297.66,-3.49,3850.37,42.45,0
1997,6,30,5.77,-4.3,102.97,24.9,13.9,23.9,37.8,2281.46,-2.0,1207.1,44.78,1
1997,7,1,-0.81,-4.56,205.4,25.2,22.4,22.5,44.9,2112.64,-4.7,853.45,54.44,0
1997,7,2,-1.39,-5.28,215.59,30.4,22.4,24.1,46.5,1928.69,-4.45,2059.51,50.79,1
1997,7,3,-0.33,-6.65,188.18,31.1,20.5,25.5,46.0,2785.42,-2.16,1693.96,45.34,0
1997,7,4,-0.36,-5.68,175.4,34.5,20.1,27.1,47.2,1675.1,-58.81,54.9,45.46,1
1997,7,5,-0.09,-8.47,199.6,26.3,20.5,26.5,47.0,3216.74,-3.87,337.5,45.63,1
1997,7,6,0.15,-8.72,177.79,30.3,19.9,26.9,46.8,3686.38,-0.09,323.1,49.23,0
1997,7,7,1.7,-8.16,146.6,23.7,17.9,26.9,44.8,3545.43,-0.61,1542.31,43.7,1
1997,7,8,4.88,-8.18,72.98,10.5,12.5,28.5,41.0,3216.66,-0.23,1072.78,34.52,0
1997,7,9,-2.89,-8.97,223.21,36.3,23.5,26.7,50.2,3737.24,-0.17,1526.86,51.91,1
1997,7,10,0.5,-8.96,123.6,33.3,19.1,28.1,47.2,3668.15,-0.27,7783.12,51.52,0
1997,7,11,0.18,-7.55,165.59,30.6,20.8,25.3,46.1,3303.68,-2.99,576.18,50.76,1
1997,7,12,0.7,-5.45,173.38,30.4,20.0,24.7,44.7,2643.71,-19.54,165.71,49.21,1
1997,7,13,0.36,-4.41,156.68,31.5,20.3,26.3,46.6,1211.38,-57.07,426.32,42.99,1
1997,7,14,0.06,-5.41,168.2,31.8,20.8,25.7,46.5,2192.37,-22.41,296.01,47.13,1
1997,7,15,-0.97,-6.78,162.56,32.3,21.3,27.3,48.6,2517.37,-25.75,393.12,47.38,1
1997,7,16,-1.34,-7.09,180.98,34.5,22.2,25.9,48.1,3048.49,-8.24,297.62,52.17,1
1997,7,17,1.37,-5.05,162.41,28.5,19.5,24.3,43.8,2477.02,-12.96,542.2,46.24,1
1997,7,18,-2.08,-6.21,214.2,30.3,22.9,24.7,47.6,2887.94,-1.55,975.81,53.13,0
1997,7,19,0.95,-4.66,158.39,29.5,19.3,25.3,44.6,1930.0,-31.65,724.75,49.95,1
1997,7,20,2.59,-2.65,155.19,31.2,17.9,23.9,41.8,943.68,-51.08,266.78,51.33,1
1997,7,22,-1.57,-5.14,234.8,32.9,22.3,24.5,46.8,1995.6,-15.43,424.61,58.14,1
1997,7,23,0.82,-5.7,201.81,25.4,19.8,24.5,44.3,2407.75,-2.7,46040.71,45.38,1
1997,7,24,2.41,-6.32,164.82,26.9,17.5,25.5,43.0,2763.08,-1.33,3108.56,45.64,0
1997,7,25,0.27,-5.85,197.61,24.7,20.7,23.9,44.6,2698.44,-3.7,2931.3,46.01,1
1997,7,26,0.28,-6.47,184.98,29.8,20.4,25.3,45.7,2390.02,-3.82,212.84,47.2,0
1997,7,27,3.75,-6.64,114.2,20.1,15.5,26.5,42.0,3107.63,-2.71,877.1,41.77,1
1997,7,28,-3.18,-6.96,218.18,28.4,24.0,25.3,49.3,2928.19,-4.53,1274.34,55.0,1
1997,7,29,-2.23,-8.45,201.61,27.5,22.9,26.7,49.6,3112.61,-0.76,1386.49,51.28,0
1997,7,30,-1.09,-6.32,213.01,29.6,21.6,25.1,46.7,2767.8,-3.98,762.83,48.91,0
1997,7,31,1.15,-5.97,177.81,29.3,18.9,25.9,44.8,2473.53,-13.97,1597.12,42.96,1
1997,8,1,1.59,-4.82,168.18,29.5,18.9,24.9,43.8,1838.6,-27.5,855.37,47.28,1
1997,8,2,1.91,-5.5,174.0,29.3,18.3,25.3,43.6,2266.53,-12.7,299.93,53.74,1
1997,8,3,0.95,-7.2,166.39,27.5,19.3,25.3,44.6,3447.63,-0.47,824.25,49.56,0
1997,8,4,1.27,-2.83,151.19,25.3,18.7,25.7,44.4,848.5,-111.4,201.11,45.6,1
1997,8,6,-1.29,-4.88,220.98,32.3,22.3,23.3,45.6,2336.68,-11.17,501.59,52.67,0
1997,8,7,-1.89,-5.55,209.4,26.8,23.0,24.1,47.1,2181.1,-8.59,428.88,50.93,0
1997,8,8,1.08,-5.82,166.98,28.0,19.6,24.5,44.1,2539.13,-8.03,693.63,50.68,1
1997,8,9,0.0,-4.56,200.79,29.3,20.7,23.9,44.6,2043.03,-25.12,732.33,54.77,1
1997,8,10,-0.48,-3.69,207.0,34.9,21.3,23.7,45.0,1706.53,-18.04,1691.43,61.12,1
1997,8,11,-0.79,-6.57,226.02,27.7,21.9,23.7,45.6,3667.49,-0.66,226.45,45.84,1
1997,8,12,-0.29,-5.4,204.2,30.7,20.9,24.1,45.0,2874.31,-7.3,664.95,48.2,1
1997,8,13,5.88,-3.76,125.59,10.1,13.3,24.3,37.6,2195.43,-5.02,634.11,37.49,0
1997,8,14,2.43,-1.72,159.0,8.9,17.9,23.9,41.8,732.56,-90.28,9520.5,36.68,0
1997,8,15,-3.76,-3.94,244.58,34.2,24.4,25.9,50.3,979.21,-89.11,269.17,49.0,1
1997,8,16,-1.33,-6.99,194.18,32.1,21.5,26.5,48.0,3142.17,-5.13,3448.1,51.71,1
1997,8,17,-1.08,-7.25,202.0,34.9,21.5,26.5,48.0,2938.98,-4.7,6851.67,50.61,0
1997,8,18,4.38,-4.08,166.6,22.7,15.9,22.9,38.8,2585.09,-4.9,1390.91,46.75,1
1997,8,19,6.63,-5.72,108.6,9.1,12.3,24.3,36.6,3437.96,-0.18,1794.57,40.52,0
1997,8,20,-0.88,-5.66,195.0,36.3,21.5,24.3,45.8,2589.94,-5.17,380.81,54.56,0
1997,8,21,-3.18,-7.53,223.38,36.9,24.0,24.7,48.7,3424.66,-0.37,2425.24,57.68,1
1997,8,22,-1.48,-5.79,222.42,32.7,22.3,24.5,46.8,2282.93,-15.68,1242.62,51.93,1
1997,8,23,-0.11,-4.85,208.0,24.5,20.7,24.5,45.2,2070.99,-33.44,1152.37,46.81,1
1997,8,24,0.54,-4.36,202.42,28.5,20.3,24.3,44.6,1752.7,-32.83,410.3,46.8,1
1997,8,25,-1.19,-3.14,219.19,38.2,22.3,23.5,45.8,1346.79,-31.25,1043.9,51.66,1
1997,8,26,0.1,-4.17,164.4,19.0,20.6,25.3,45.9,1470.65,-39.7,469.74,42.03,1
1997,8,27,2.75,-2.82,161.0,30.1,18.1,23.1,41.2,1929.92,-6.99,539.12,43.97,1
1997,8,28,2.6,-3.66,146.18,34.8,18.3,24.3,42.6,1568.86,-27.69,244.42,46.71,1
1997,8,29,2.34,-3.77,159.78,34.0,18.1,25.1,43.2,1505.6,-41.29,120.73,43.38,1
1997,8,30,3.11,-4.88,147.21,34.0,17.1,25.1,42.2,1881.35,-18.38,2330.71,54.06,0
1997,8,31,1.91,-4.95,167.61,34.2,18.5,24.5,43.0,2114.95,-3.32,5966.36,52.12,1
1997,9,1,0.21,-3.61,216.01,32.7,21.0,22.1,43.1,1532.92,-2.39,116.63,56.65,1
1997,9,2,2.25,-4.22,179.78,28.1,18.3,22.7,41.0,2367.1,-0.47,1127.76,52.4,1
1997,9,3,1.12,-4.16,199.59,31.0,19.8,21.7,41.5,2678.45,-1.6,15888.05,58.06,0
1997,9,4,-0.86,-5.45,227.0,34.3,21.5,23.3,44.8,2866.71,0.0,382.81,58.5,1
1997,9,5,-3.9,-6.23,237.78,37.9,24.8,25.1,49.9,2209.59,-11.9,291.25,61.37,1
1997,9,6,0.5,-3.11,230.19,32.8,20.7,22.7,43.4,1365.34,-0.42,560.69,52.04,1
1997,9,7,7.76,-2.46,86.98,3.7,11.7,23.7,35.4,577.76,-7.47,273.94,34.75,1
1997,9,9,4.52,-1.67,154.6,12.1,16.3,22.3,38.6,995.5,-4.68,733.05,40.55,0
1997,9,10,8.95,-2.02,52.58,9.7,9.9,23.9,33.8,530.97,-9.45,576.92,34.93,0
1997,9,11,-1.39,-6.53,204.6,31.3,22.5,24.5,47.0,2975.09,-1.41,343.91,53.41,0
1997,9,13,3.26,-4.58,134.19,29.7,17.1,24.1,41.2,2073.21,-18.15,570.94,49.15,1
1997,9,16,-0.2,-3.81,189.0,29.8,21.6,23.3,44.9,1514.42,0.0,90298.18,48.19,0
1997,9,17,1.74,-4.88,142.79,28.1,18.7,25.7,44.4,1536.04,-19.52,892.29,47.17,0
1997,9,18,0.68,-4.05,189.59,32.5,20.7,23.1,43.8,1517.25,-5.08,300.14,52.16,1
1997,9,19,-0.4,-5.01,208.41,33.0,21.8,23.3,45.1,2206.61,-2.6,374.38,54.53,1
1997,9,20,3.31,-6.75,111.99,28.7,16.7,26.7,43.4,2037.29,-2.13,1728.98,45.28,1
1997,9,22,-1.4,-4.02,217.6,31.9,22.9,24.1,47.0,1340.31,-12.19,11831.94,50.04,1
1997,9,23,-1.38,-6.06,238.59,31.6,22.2,24.3,46.5,3043.76,-0.31,796.12,52.58,1
1997,9,24,2.03,-5.79,187.01,29.3,18.3,24.3,42.6,2631.37,-0.04,636.8,49.35,1
1997,9,25,-0.55,-4.88,227.39,29.2,21.0,23.5,44.5,2257.48,-2.37,820.84,55.85,1
1997,9,26,-1.07,-3.19,256.99,34.5,21.7,22.5,44.2,1966.08,-8.62,1401.13,60.4,1
1997,10,2,5.22,-1.98,109.38,9.5,15.3,24.3,39.6,573.09,-60.5,33.51,32.59,1
1997,10,3,2.06,-2.12,149.61,18.1,19.3,24.3,43.6,1080.0,-46.67,1653.31,35.14,0
1997,10,4,8.94,-2.36,50.98,20.1,10.1,24.1,34.2,1305.41,-16.0,1958.69,35.51,1
1997,10,5,5.84,-2.4,107.0,8.5,14.5,24.5,39.0,1343.65,-27.57,757.84,31.25,0
1997,10,7,9.06,6.67,180.21,17.1,12.5,16.5,29.0,0.0,0.0,0.0,37.04,1
1997,10,8,8.41,-2.84,93.81,9.3,10.9,23.9,34.8,1029.06,-4.23,375.1,39.56,0
1997,10,9,5.36,-3.72,126.61,-1.9,15.3,24.3,39.6,1097.49,-5.67,15128.87,29.56,1
1997,10,10,4.29,-2.64,136.99,12.1,17.1,24.1,41.2,320.29,-16.17,93.07,32.76,1
1997,10,11,6.38,1.86,166.0,11.9,15.9,19.9,35.8,143.04,-15.0,30.15,34.13,1
1997,10,12,3.84,-0.35,185.22,14.0,18.0,21.9,39.9,466.69,-9.58,283.54,33.71,1
1997,10,13,2.75,-2.81,149.6,20.7,18.9,24.9,43.8,585.27,-5.17,1425.42,33.19,1
1997,10,14,3.81,-4.06,152.4,3.7,17.5,24.5,42.0,1435.04,-3.86,326.21,31.37,1
1997,10,15,2.34,-1.47,170.99,13.7,20.5,22.7,43.2,265.93,-12.12,678.66,35.02,1
1997,10,16,2.26,-0.11,167.8,15.9,20.5,22.5,43.0,81.71,-28.02,7.97,32.9,0
1997,10,17,3.19,-2.71,144.81,14.1,18.9,23.7,42.6,611.53,-7.96,51.63,37.39,1
1997,10,18,1.49,-1.43,221.81,29.5,20.5,22.1,42.6,476.11,-6.75,12.16,45.89,1
1997,10,19,9.66,4.71,159.37,3.1,11.9,20.9,32.8,0.0,0.0,0.0,28.17,1
1997,10,20,15.01,12.25,61.01,-10.1,-1.1,22.9,21.8,0.0,0.0,0.0,16.12,0
1997,10,21,5.41,5.18,140.2,4.4,18.8,20.3,39.1,0.0,0.0,0.0,27.92,0
1997,10,22,7.22,1.69,99.59,7.1,16.3,21.3,37.6,3.51,-22.78,0.29,26.18,0
1997,10,23,5.6,5.71,187.02,14.5,18.1,20.5,38.6,0.0,0.0,0.0,27.56,0
1997,10,24,11.59,4.51,38.99,9.5,6.1,23.1,29.2,0.0,0.0,0.0,26.9,0
1997,10,26,7.79,-4.7,84.19,16.9,9.3,26.3,35.6,1745.53,0.0,48.05,40.02,0
1997,10,27,-2.2,-7.03,251.59,22.7,23.7,23.9,47.6,2577.5,0.0,173.82,43.44,0
1997,10,28,-0.3,3.66,316.47,30.6,22.0,22.3,44.3,0.0,0.0,0.0,44.65,0
1997,10,30,5.09,-2.83,139.01,30.4,15.5,24.5,40.0,1057.62,-8.29,23.46,48.32,0
1997,10,31,-1.7,-6.11,236.0,22.3,23.1,24.3,47.4,2764.72,0.0,51.3,47.45,0
1997,11,1,-2.2,-6.47,260.79,17.5,23.9,24.1,48.0,2855.11,-1.36,210.57,45.32,0
1997,11,2,1.87,-5.31,305.63,25.1,18.7,24.7,43.4,2395.93,-14.51,100.97,40.72,0
1997,11,3,-3.3,12.24,287.41,38.93,25.3,25.7,51.0,0.0,0.0,0.0,38.41,1
1997,11,4,9.53,6.67,116.97,9.9,11.1,23.1,34.2,0.0,0.0,0.0,28.13,0
1997,11,5,-1.7,0.11,201.21,35.5,24.3,25.5,49.8,64.18,-161.56,1.48,41.01,0
1997,11,6,2.43,-3.54,139.19,7.9,19.3,25.3,44.6,984.44,-9.49,123.87,30.66,1
1997,11,7,3.77,0.54,143.6,15.5,18.7,24.7,43.4,0.0,0.0,0.0,26.33,0
1997,11,8,8.61,10.44,182.61,5.7,16.9,18.9,35.8,0.0,0.0,0.0,23.06,0
1997,11,10,15.92,10.51,67.0,-18.9,5.5,17.5,23.0,0.23,-42.14,0.01,16.04,0
1997,11,11,6.65,6.77,117.81,27.7,14.5,23.5,38.0,0.0,0.0,0.0,32.16,0
1997,11,12,6.42,3.23,130.42,30.0,14.1,23.1,37.2,0.0,0.0,0.0,39.25,0
1997,11,13,-1.2,-5.32,364.33,34.4,22.0,24.9,46.9,1824.82,0.0,35.18,56.86,0
1997,11,14,0.82,-4.77,306.89,37.9,19.1,25.1,44.2,2030.74,-29.79,63.59,53.48,1
1997,11,15,9.46,6.2,49.98,12.3,5.3,27.3,32.6,0.0,0.0,0.0,29.1,1
1997,11,16,3.57,2.04,162.38,29.3,17.5,23.5,41.0,2.26,-139.46,0.04,40.0,0
1997,11,17,9.13,6.71,67.81,16.1,10.7,23.7,34.4,0.0,0.0,0.0,31.69,0
1997,11,18,-1.0,-1.0,-1.0,-1.0,-1.0,-1.0,-1.0,-1.0,-1.0,-1.0,-1.0,0
1997,11,19,11.12,3.45,58.99,3.9,3.9,25.9,29.8,6.73,-451.19,0.21,33.68,0
1997,11,20,4.95,-2.0,77.8,21.7,15.3,26.3,41.6,294.24,-94.52,6.67,33.31,0
1997,11,21,-0.59,-3.94,204.61,24.3,22.9,23.5,46.4,1451.83,-0.02,65.86,42.06,1
1997,11,22,-0.65,-7.73,164.01,30.5,21.5,26.5,48.0,3071.52,0.0,197.96,50.44,1
1997,11,23,1.4,-3.92,186.2,31.8,19.5,23.9,43.4,2388.77,-3.15,103.37,49.79,0
1997,11,24,0.67,0.09,176.79,31.2,21.4,23.3,44.7,30.14,-24.59,0.68,45.02,0
1997,11,25,11.46,5.53,54.21,8.5,9.9,20.9,30.8,0.0,0.0,0.0,27.13,0
1997,11,26,6.01,3.81,145.59,12.1,17.9,19.3,37.2,2.86,-11.31,0.07,30.87,0
1997,11,27,15.41,6.69,34.01,-7.7,1.1,21.1,22.2,0.0,0.0,0.0,22.66,0
1997,11,28,14.38,4.63,11.99,-6.7,1.3,22.3,23.6,0.0,0.0,0.0,29.92,0
1997,11,29,-1.0,-1.0,-1.0,-1.0,-1.0,-1.0,-1.0,-1.0,-1.0,-1.0,-1.0,1
1997,11,30,5.26,-1.05,191.21,25.1,15.5,22.5,38.0,662.55,-29.59,22.52,36.95,1
1997,12,1,-2.25,5.31,317.4,33.9,23.5,26.7,50.2,0.0,0.0,0.0,35.34,1
1997,12,2,17.26,12.83,48.0,-7.3,2.3,17.3,19.6,0.0,0.0,0.0,23.13,0
1997,12,3,9.25,7.48,107.21,5.9,13.3,19.3,32.6,0.0,0.0,0.0,27.94,0
1997,12,4,-0.9,-2.4,253.0,29.3,22.5,23.3,45.8,644.0,-22.59,8.19,50.81,1
1997,12,5,-0.28,4.32,250.41,25.8,22.8,23.1,45.9,0.0,0.0,0.0,39.85,1
1997,12,6,14.43,15.11,88.0,-7.3,2.3,22.3,24.6,0.0,0.0,0.0,18.65,0
1997,12,7,16.7,17.43,86.99,-21.7,-4.3,21.7,17.4,0.0,0.0,0.0,10.61,0
1997,12,8,6.87,12.81,301.41,12.0,18.4,19.5,37.9,0.0,0.0,0.0,25.04,0
1997,12,9,4.38,0.57,200.24,20.9,17.9,21.9,39.8,135.73,-21.29,2.4,31.53,0
1997,12,10,2.97,-0.7,306.5,12.5,18.3,22.5,40.8,399.02,-41.42,8.28,35.27,0
1997,12,11,1.5,-1.84,338.7,17.8,20.2,21.3,41.5,1316.9,-13.24,59.5,35.01,0
1997,12,12,12.24,-1.96,164.55,0.3,5.9,21.9,27.8,1422.36,-5.2,55.67,28.95,0
1997,12,13,2.08,-2.08,314.55,34.7,19.7,21.5,41.2,1225.7,-15.28,53.38,46.4,1
1997,12,14,0.81,-1.54,362.29,34.6,21.5,22.1,43.6,432.83,-9.5,2.48,54.27,1
1997,12,15,7.64,5.22,199.6,16.2,17.8,20.9,38.7,63.46,-9.49,0.35,24.71,1
1997,12,16,7.75,16.0,117.01,13.9,15.9,22.9,38.8,0.0,0.0,0.0,18.57,0
1997,12,17,10.19,11.71,44.02,6.5,10.7,22.7,33.4,0.0,0.0,0.0,19.53,0
1997,12,18,16.05,14.38,80.01,-4.5,3.3,19.3,22.6,0.0,0.0,0.0,16.98,0
1997,12,19,13.09,10.78,33.0,-1.3,6.9,21.9,28.8,0.0,0.0,0.0,22.25,0
1997,12,21,3.93,1.3,211.01,23.3,18.9,19.3,38.2,435.72,-0.43,6.09,42.25,0
1997,12,22,2.3,1.51,204.38,20.3,20.1,21.1,41.2,69.69,-32.04,1.91,38.16,0
1997,12,23,1.51,-1.66,190.6,31.4,21.0,21.7,42.7,539.13,0.0,38.32,42.76,0
1997,12,24,6.09,-1.68,301.29,8.5,14.5,23.5,38.0,424.76,-1.07,8.79,34.17,0
1997,12,26,4.37,-2.24,191.4,29.6,16.7,22.7,39.4,1130.24,-9.02,26.05,41.65,1
1997,12,27,-0.29,-4.48,363.29,26.1,22.5,22.7,45.2,1392.38,0.0,54.49,36.32,0
1997,12,28,16.43,19.17,146.99,12.2,0.1,20.1,20.2,0.0,0.0,0.0,27.39,1
1997,12,29,5.86,7.16,304.9,26.1,18.6,19.7,38.3,0.0,0.0,0.0,36.47,1
1997,12,30,12.68,11.98,197.99,-0.2,14.4,16.3,30.7,0.0,0.0,0.0,19.72,1
1997,12,31,17.42,13.46,92.99,-6.5,3.9,16.9,20.8,0.0,0.0,0.0,17.55,0
